longitude,latitude,temperature,moisture,suction_pressure,humidity,dew_point_2m,precipitation,rain,weather_code,evapotranspiration,wind_speed,wind_direction,combine_loc
106.830208,-6.367975,25.5,16.39999962,12.17347813,82,23.9,0.0,0.0,3,0.12,8.5,282,"(-6.367975, 106.830208)"
106.830208,-6.367975,25.5,16.39999962,12.10282993,82,23.9,0.0,0.0,3,0.12,8.5,282,"(-6.367975, 106.830208)"
106.830208,-6.367975,25.5,16.39999962,12.03426075,82,23.9,0.0,0.0,3,0.12,8.5,282,"(-6.367975, 106.830208)"
106.830208,-6.367975,25.5,16.39999962,11.96533298,82,23.9,0.0,0.0,3,0.12,8.5,282,"(-6.367975, 106.830208)"
106.830208,-6.367975,25.5,16.39999962,11.89578152,82,23.9,0.0,0.0,3,0.12,8.5,282,"(-6.367975, 106.830208)"
106.830208,-6.367975,25.5,16.39999962,11.82700062,82,23.9,0.0,0.0,3,0.12,8.5,282,"(-6.367975, 106.830208)"
106.830208,-6.367975,25.5,16.39999962,11.76081181,82,23.9,0.0,0.0,3,0.12,8.5,282,"(-6.367975, 106.830208)"
106.830208,-6.367975,25.5,16.39999962,11.69553852,75,23.6,0.0,0.0,3,0.22,12.3,277,"(-6.367975, 106.830208)"
106.830208,-6.367975,25.5,16.39999962,11.63037014,75,23.6,0.0,0.0,3,0.22,12.3,277,"(-6.367975, 106.830208)"
106.830208,-6.367975,25.5,16.39999962,11.56499577,75,23.6,0.0,0.0,3,0.22,12.3,277,"(-6.367975, 106.830208)"
106.830208,-6.367975,25.5,16.39999962,11.49978924,75,23.6,0.0,0.0,3,0.22,12.3,277,"(-6.367975, 106.830208)"
106.830208,-6.367975,25.5,16.39999962,11.43299007,75,23.6,0.0,0.0,3,0.22,12.3,277,"(-6.367975, 106.830208)"
106.830208,-6.367975,25.5,16.39999962,11.36715412,75,23.6,0.0,0.0,3,0.22,12.3,277,"(-6.367975, 106.830208)"
106.830208,-6.367975,25.5,16.39999962,11.30038166,75,23.6,0.0,0.0,3,0.22,12.3,277,"(-6.367975, 106.830208)"
106.830208,-6.367975,25.5,16.39999962,11.23458385,75,23.6,0.0,0.0,3,0.22,12.3,277,"(-6.367975, 106.830208)"
106.830208,-6.367975,25.5,16.39999962,11.16954899,75,23.6,0.0,0.0,3,0.22,12.3,277,"(-6.367975, 106.830208)"
106.830208,-6.367975,25.5,16.39999962,11.10436726,75,23.6,0.0,0.0,3,0.22,12.3,277,"(-6.367975, 106.830208)"
106.830208,-6.367975,25.5,16.39999962,11.03946209,75,23.6,0.0,0.0,3,0.22,12.3,277,"(-6.367975, 106.830208)"
106.830208,-6.367975,25.5,16.39999962,10.97660351,75,23.6,0.0,0.0,3,0.22,12.3,277,"(-6.367975, 106.830208)"
106.830208,-6.367975,25.5,16.39999962,10.91308689,75,23.6,0.0,0.0,3,0.22,12.3,277,"(-6.367975, 106.830208)"
106.830208,-6.367975,25.5,16.39999962,10.84935093,75,23.6,0.0,0.0,3,0.22,12.3,277,"(-6.367975, 106.830208)"
106.830208,-6.367975,25.5,16.39999962,10.78484821,75,23.6,0.0,0.0,3,0.22,12.3,277,"(-6.367975, 106.830208)"
106.830208,-6.367975,25.39999962,16.39999962,10.72105503,75,23.6,0.0,0.0,3,0.22,12.3,277,"(-6.367975, 106.830208)"
106.830208,-6.367975,25.5,16.39999962,10.65812778,75,23.6,0.0,0.0,3,0.22,12.3,277,"(-6.367975, 106.830208)"
106.830208,-6.367975,25.5,16.39999962,10.59686947,75,23.6,0.0,0.0,3,0.22,12.3,277,"(-6.367975, 106.830208)"
106.830208,-6.367975,25.5,16.39999962,10.54488659,75,23.6,0.0,0.0,3,0.22,12.3,277,"(-6.367975, 106.830208)"
106.830208,-6.367975,25.5,16.5,10.48058414,75,23.6,0.0,0.0,3,0.22,12.3,277,"(-6.367975, 106.830208)"
106.830208,-6.367975,25.5,16.5,10.41540432,75,23.6,0.0,0.0,3,0.22,12.3,277,"(-6.367975, 106.830208)"
106.830208,-6.367975,25.5,16.5,10.34860897,75,23.6,0.0,0.0,3,0.22,12.3,277,"(-6.367975, 106.830208)"
106.830208,-6.367975,25.5,16.5,10.28060436,75,23.6,0.0,0.0,3,0.22,12.3,277,"(-6.367975, 106.830208)"
106.830208,-6.367975,25.5,16.5,10.21350384,75,23.6,0.0,0.0,3,0.22,12.3,277,"(-6.367975, 106.830208)"
106.830208,-6.367975,25.5,16.5,10.14540958,75,23.6,0.0,0.0,3,0.22,12.3,277,"(-6.367975, 106.830208)"
106.830208,-6.367975,25.5,16.5,10.07706547,75,23.6,0.0,0.0,3,0.22,12.3,277,"(-6.367975, 106.830208)"
106.830208,-6.367975,25.5,18.5,14.23125458,82,23.9,0.0,0.0,3,0.12,8.5,282,"(-6.367975, 106.830208)"
106.830208,-6.367975,25.5,16.79999924,14.14212227,82,23.9,0.0,0.0,3,0.12,8.5,282,"(-6.367975, 106.830208)"
106.830208,-6.367975,25.5,16.29999924,14.05914116,82,23.9,0.0,0.0,3,0.12,8.5,282,"(-6.367975, 106.830208)"
106.830208,-6.367975,25.5,16.29999924,13.97422791,82,23.9,0.0,0.0,3,0.12,8.5,282,"(-6.367975, 106.830208)"
106.830208,-6.367975,25.5,16.29999924,13.89086914,82,23.9,0.0,0.0,3,0.12,8.5,282,"(-6.367975, 106.830208)"
106.830208,-6.367975,25.5,16.29999924,13.80860901,82,23.9,0.0,0.0,3,0.12,8.5,282,"(-6.367975, 106.830208)"
106.830208,-6.367975,25.5,16.29999924,13.72521019,82,23.9,0.0,0.0,3,0.12,8.5,282,"(-6.367975, 106.830208)"
106.830208,-6.367975,25.5,16.29999924,13.64368248,82,23.9,0.0,0.0,3,0.12,8.5,282,"(-6.367975, 106.830208)"
106.830208,-6.367975,25.5,16.29999924,13.56365776,82,23.9,0.0,0.0,3,0.12,8.5,282,"(-6.367975, 106.830208)"
106.830208,-6.367975,25.5,16.29999924,13.48555565,82,23.9,0.0,0.0,3,0.12,8.5,282,"(-6.367975, 106.830208)"
106.830208,-6.367975,25.5,16.29999924,13.40779114,82,23.9,0.0,0.0,3,0.12,8.5,282,"(-6.367975, 106.830208)"
106.830208,-6.367975,25.5,16.29999924,13.33078003,82,23.9,0.0,0.0,3,0.12,8.5,282,"(-6.367975, 106.830208)"
106.830208,-6.367975,25.5,16.29999924,13.2551651,82,23.9,0.0,0.0,3,0.12,8.5,282,"(-6.367975, 106.830208)"
106.830208,-6.367975,25.5,16.29999924,13.17965698,82,23.9,0.0,0.0,3,0.12,8.5,282,"(-6.367975, 106.830208)"
106.830208,-6.367975,25.5,16.29999924,13.10469055,82,23.9,0.0,0.0,3,0.12,8.5,282,"(-6.367975, 106.830208)"
106.830208,-6.367975,25.5,16.39999962,13.03099823,82,23.9,0.0,0.0,3,0.12,8.5,282,"(-6.367975, 106.830208)"
106.830208,-6.367975,25.5,16.39999962,12.95895767,82,23.9,0.0,0.0,3,0.12,8.5,282,"(-6.367975, 106.830208)"
106.830208,-6.367975,25.5,16.29999924,12.88709736,82,23.9,0.0,0.0,3,0.12,8.5,282,"(-6.367975, 106.830208)"
106.830208,-6.367975,25.5,16.39999962,12.81389141,82,23.9,0.0,0.0,3,0.12,8.5,282,"(-6.367975, 106.830208)"
106.830208,-6.367975,25.5,16.39999962,12.74091244,82,23.9,0.0,0.0,3,0.12,8.5,282,"(-6.367975, 106.830208)"
106.830208,-6.367975,25.5,16.39999962,12.66718578,82,23.9,0.0,0.0,3,0.12,8.5,282,"(-6.367975, 106.830208)"
106.830208,-6.367975,25.5,16.39999962,12.59621525,82,23.9,0.0,0.0,3,0.12,8.5,282,"(-6.367975, 106.830208)"
106.830208,-6.367975,25.5,16.39999962,12.52716351,82,23.9,0.0,0.0,3,0.12,8.5,282,"(-6.367975, 106.830208)"
106.830208,-6.367975,25.5,16.39999962,12.45717335,82,23.9,0.0,0.0,3,0.12,8.5,282,"(-6.367975, 106.830208)"
106.830208,-6.367975,25.5,16.39999962,12.38650036,82,23.9,0.0,0.0,3,0.12,8.5,282,"(-6.367975, 106.830208)"
106.830208,-6.367975,25.5,16.39999962,12.31524181,82,23.9,0.0,0.0,3,0.12,8.5,282,"(-6.367975, 106.830208)"
106.830208,-6.367975,25.5,16.39999962,12.24402905,82,23.9,0.0,0.0,3,0.12,8.5,282,"(-6.367975, 106.830208)"
106.8246962,-6.3653993,27.10000038,54.20000076,0.0,75,24.1,0.9,0.0,95,0.22,12.5,319,"(-6.3653993, 106.8246962)"
106.8246962,-6.3653993,27.10000038,54.20000076,0.0,75,24.1,0.9,0.0,95,0.22,12.5,319,"(-6.3653993, 106.8246962)"
106.8246962,-6.3653993,27.10000038,54.29999924,0.0,75,24.1,0.9,0.0,95,0.22,12.5,319,"(-6.3653993, 106.8246962)"
106.8246962,-6.3653993,27.10000038,54.20000076,0.0,75,24.1,0.9,0.0,95,0.22,12.5,319,"(-6.3653993, 106.8246962)"
106.8246962,-6.3653993,27.10000038,54.29999924,0.0,75,24.1,0.9,0.0,95,0.22,12.5,319,"(-6.3653993, 106.8246962)"
106.8246962,-6.3653993,27.10000038,54.20000076,0.0,75,24.1,0.9,0.0,95,0.22,12.5,319,"(-6.3653993, 106.8246962)"
106.8246962,-6.3653993,27.10000038,54.29999924,0.0,75,24.1,0.9,0.0,95,0.22,12.5,319,"(-6.3653993, 106.8246962)"
106.8246962,-6.3653993,27.10000038,54.29999924,0.0,75,24.1,0.9,0.0,95,0.22,12.5,319,"(-6.3653993, 106.8246962)"
106.8246962,-6.3653993,27.10000038,54.29999924,0.0,75,24.1,0.9,0.0,95,0.22,12.5,319,"(-6.3653993, 106.8246962)"
106.8246962,-6.3653993,27.20000076,54.09999847,0.0,70,23.9,0.1,0.0,3,0.27,12.5,316,"(-6.3653993, 106.8246962)"
106.8246962,-6.3653993,27.20000076,54.20000076,0.0,70,23.9,0.1,0.0,3,0.27,12.5,316,"(-6.3653993, 106.8246962)"
106.8246962,-6.3653993,27.20000076,54.20000076,0.0,70,23.9,0.1,0.0,3,0.27,12.5,316,"(-6.3653993, 106.8246962)"
106.8246962,-6.3653993,27.20000076,54.20000076,0.0,70,23.9,0.1,0.0,3,0.27,12.5,316,"(-6.3653993, 106.8246962)"
106.8246962,-6.3653993,27.20000076,54.40000153,0.0,70,23.9,0.1,0.0,3,0.27,12.5,316,"(-6.3653993, 106.8246962)"
106.8246962,-6.3653993,27.20000076,54.29999924,0.0,70,23.9,0.1,0.0,3,0.27,12.5,316,"(-6.3653993, 106.8246962)"
106.8246962,-6.3653993,27.20000076,54.40000153,0.0,70,23.9,0.1,0.0,3,0.27,12.5,316,"(-6.3653993, 106.8246962)"
106.8246962,-6.3653993,27.20000076,54.40000153,0.0,70,23.9,0.1,0.0,3,0.27,12.5,316,"(-6.3653993, 106.8246962)"
106.8246962,-6.3653993,27.20000076,54.40000153,0.0,70,23.9,0.1,0.0,3,0.27,12.5,316,"(-6.3653993, 106.8246962)"
106.8246962,-6.3653993,27.20000076,54.29999924,0.0,70,23.9,0.1,0.0,3,0.27,12.5,316,"(-6.3653993, 106.8246962)"
106.8246962,-6.3653993,27.20000076,54.40000153,0.0,70,23.9,0.1,0.0,3,0.27,12.5,316,"(-6.3653993, 106.8246962)"
106.8246962,-6.3653993,27.20000076,54.5,0.0,70,23.9,0.1,0.0,3,0.27,12.5,316,"(-6.3653993, 106.8246962)"
106.8246962,-6.3653993,27.20000076,54.5,0.0,70,23.9,0.1,0.0,3,0.27,12.5,316,"(-6.3653993, 106.8246962)"
106.8246962,-6.3653993,27.20000076,54.29999924,0.0,70,23.9,0.1,0.0,3,0.27,12.5,316,"(-6.3653993, 106.8246962)"
106.8246962,-6.3653993,27.20000076,54.29999924,0.0,70,23.9,0.1,0.0,3,0.27,12.5,316,"(-6.3653993, 106.8246962)"
106.8246962,-6.3653993,27.20000076,54.5,0.0,70,23.9,0.1,0.0,3,0.27,12.5,316,"(-6.3653993, 106.8246962)"
106.8246962,-6.3653993,27.20000076,54.59999847,0.0,70,23.9,0.1,0.0,3,0.27,12.5,316,"(-6.3653993, 106.8246962)"
106.8246962,-6.3653993,27.20000076,54.59999847,0.0,70,23.9,0.1,0.0,3,0.27,12.5,316,"(-6.3653993, 106.8246962)"
106.8246962,-6.3653993,27.20000076,54.5,0.0,70,23.9,0.1,0.0,3,0.27,12.5,316,"(-6.3653993, 106.8246962)"
106.8246962,-6.3653993,27.20000076,54.5,0.0,70,23.9,0.1,0.0,3,0.27,12.5,316,"(-6.3653993, 106.8246962)"
106.8246962,-6.3653993,27.20000076,54.70000076,0.0,70,23.9,0.1,0.0,3,0.27,12.5,316,"(-6.3653993, 106.8246962)"
106.8246962,-6.3653993,27.20000076,54.70000076,0.0,70,23.9,0.1,0.0,3,0.27,12.5,316,"(-6.3653993, 106.8246962)"
106.8246962,-6.3653993,27.20000076,54.70000076,0.0,70,23.9,0.1,0.0,3,0.27,12.5,316,"(-6.3653993, 106.8246962)"
106.8246962,-6.3653993,27.20000076,54.70000076,0.0,70,23.9,0.1,0.0,3,0.27,12.5,316,"(-6.3653993, 106.8246962)"
106.8246962,-6.3653993,27.20000076,54.70000076,0.0,70,23.9,0.1,0.0,3,0.27,12.5,316,"(-6.3653993, 106.8246962)"
106.8246962,-6.3653993,27.20000076,54.79999924,0.0,70,23.9,0.1,0.0,3,0.27,12.5,316,"(-6.3653993, 106.8246962)"
106.8246962,-6.3653993,27.20000076,54.70000076,0.0,70,23.9,0.1,0.0,3,0.27,12.5,316,"(-6.3653993, 106.8246962)"
106.8246962,-6.3653993,27.20000076,54.70000076,0.0,70,23.9,0.1,0.0,3,0.27,12.5,316,"(-6.3653993, 106.8246962)"
106.8246962,-6.3653993,27.20000076,54.70000076,0.0,70,23.9,0.1,0.0,3,0.27,12.5,316,"(-6.3653993, 106.8246962)"
106.8246962,-6.3653993,27.20000076,54.70000076,0.0,70,23.9,0.1,0.0,3,0.27,12.5,316,"(-6.3653993, 106.8246962)"
106.8246962,-6.3653993,27.20000076,54.70000076,0.0,70,23.9,0.1,0.0,3,0.27,12.5,316,"(-6.3653993, 106.8246962)"
106.8246962,-6.3653993,27.20000076,54.70000076,0.0,70,23.9,0.1,0.0,3,0.27,12.5,316,"(-6.3653993, 106.8246962)"
106.8246962,-6.3653993,27.20000076,54.59999847,0.0,70,23.9,0.1,0.0,3,0.27,12.5,316,"(-6.3653993, 106.8246962)"
106.8246962,-6.3653993,27.20000076,54.70000076,0.0,70,23.9,0.1,0.0,3,0.27,12.5,316,"(-6.3653993, 106.8246962)"
106.8246962,-6.3653993,27.20000076,54.70000076,0.0,70,23.9,0.1,0.0,3,0.27,12.5,316,"(-6.3653993, 106.8246962)"
106.8246962,-6.3653993,27.20000076,54.90000153,0.0,70,23.9,0.1,0.0,3,0.27,12.5,316,"(-6.3653993, 106.8246962)"
106.8246962,-6.3653993,27.20000076,54.70000076,0.0,70,23.9,0.1,0.0,3,0.27,12.5,316,"(-6.3653993, 106.8246962)"
106.8246962,-6.3653993,27.20000076,54.5,0.0,70,23.9,0.1,0.0,3,0.27,12.5,316,"(-6.3653993, 106.8246962)"
106.8246962,-6.3653993,27.20000076,54.20000076,0.0,70,23.9,0.1,0.0,3,0.27,12.5,316,"(-6.3653993, 106.8246962)"
106.8246962,-6.3653993,27.20000076,54.20000076,0.0,70,23.9,0.1,0.0,3,0.27,12.5,316,"(-6.3653993, 106.8246962)"
106.8246962,-6.3653993,27.20000076,54.20000076,0.0,70,23.9,0.1,0.0,3,0.27,12.5,316,"(-6.3653993, 106.8246962)"
106.8246962,-6.3653993,27.20000076,54.20000076,0.0,70,23.9,0.1,0.0,3,0.27,12.5,316,"(-6.3653993, 106.8246962)"
106.8246962,-6.3653993,27.20000076,54.20000076,0.0,70,23.9,0.1,0.0,3,0.27,12.5,316,"(-6.3653993, 106.8246962)"
106.8246962,-6.3653993,27.20000076,54.20000076,0.0,70,23.9,0.1,0.0,3,0.27,12.5,316,"(-6.3653993, 106.8246962)"
106.8246962,-6.3653993,27.20000076,54.20000076,0.0,70,23.9,0.1,0.0,3,0.27,12.5,316,"(-6.3653993, 106.8246962)"
106.8246962,-6.3653993,27.20000076,54.20000076,0.0,70,23.9,0.1,0.0,3,0.27,12.5,316,"(-6.3653993, 106.8246962)"
106.8246962,-6.3653993,27.20000076,54.20000076,0.0,70,23.9,0.1,0.0,3,0.27,12.5,316,"(-6.3653993, 106.8246962)"
106.8246962,-6.3653993,27.20000076,54.20000076,0.0,70,23.9,0.1,0.0,3,0.27,12.5,316,"(-6.3653993, 106.8246962)"
106.8246962,-6.3653993,27.20000076,54.20000076,0.0,70,23.9,0.1,0.0,3,0.27,12.5,316,"(-6.3653993, 106.8246962)"
106.8246962,-6.3653993,27.10000038,54.20000076,0.0,70,23.9,0.1,0.0,3,0.27,12.5,316,"(-6.3653993, 106.8246962)"
106.8246962,-6.3653993,27.10000038,54.29999924,0.0,70,23.9,0.1,0.0,3,0.27,12.5,316,"(-6.3653993, 106.8246962)"
106.8246962,-6.3653993,27.10000038,54.29999924,0.0,70,23.9,0.1,0.0,3,0.27,12.5,316,"(-6.3653993, 106.8246962)"
106.8246962,-6.3653993,27.10000038,54.20000076,0.0,70,23.9,0.1,0.0,3,0.27,12.5,316,"(-6.3653993, 106.8246962)"
106.8246962,-6.3653993,27.10000038,54.20000076,0.0,70,23.9,0.1,0.0,3,0.27,12.5,316,"(-6.3653993, 106.8246962)"
106.8246962,-6.3653993,27.10000038,54.20000076,0.0,70,23.9,0.1,0.0,3,0.27,12.5,316,"(-6.3653993, 106.8246962)"
106.8246962,-6.3653993,27.10000038,54.20000076,0.0,70,23.9,0.1,0.0,3,0.27,12.5,316,"(-6.3653993, 106.8246962)"
106.8246962,-6.3653993,27.10000038,54.20000076,0.0,70,23.9,0.1,0.0,3,0.27,12.5,316,"(-6.3653993, 106.8246962)"
106.8246962,-6.3653993,27.10000038,54.20000076,0.0,70,23.9,0.1,0.0,3,0.27,12.5,316,"(-6.3653993, 106.8246962)"
106.8289994,-6.3643654,26.0,41.70000076,0.0,77,24.3,0.5,0.0,80,0.16,9.0,323,"(-6.3643654, 106.8289994)"
106.8289994,-6.3643654,25.89999962,41.90000153,0.0,77,24.3,0.5,0.0,80,0.16,9.0,323,"(-6.3643654, 106.8289994)"
106.8289994,-6.3643654,26.0,41.90000153,0.0,77,24.3,0.5,0.0,80,0.16,9.0,323,"(-6.3643654, 106.8289994)"
106.8289994,-6.3643654,26.0,41.90000153,0.0,77,24.3,0.5,0.0,80,0.16,9.0,323,"(-6.3643654, 106.8289994)"
106.8289994,-6.3643654,26.0,41.90000153,0.0,77,24.3,0.5,0.0,80,0.16,9.0,323,"(-6.3643654, 106.8289994)"
106.8289994,-6.3643654,26.0,41.90000153,0.0,77,24.3,0.5,0.0,80,0.16,9.0,323,"(-6.3643654, 106.8289994)"
106.8289994,-6.3643654,26.0,41.90000153,0.0,77,24.3,0.5,0.0,80,0.16,9.0,323,"(-6.3643654, 106.8289994)"
106.8246962,-6.3653993,27.10000038,54.20000076,0.0,70,23.9,0.1,0.0,3,0.27,12.5,316,"(-6.3653993, 106.8246962)"
106.8246962,-6.3653993,27.10000038,54.20000076,0.0,70,23.9,0.1,0.0,3,0.27,12.5,316,"(-6.3653993, 106.8246962)"
106.8246962,-6.3653993,27.10000038,54.20000076,0.0,70,23.9,0.1,0.0,3,0.27,12.5,316,"(-6.3653993, 106.8246962)"
106.8246962,-6.3653993,27.10000038,54.20000076,0.0,70,23.9,0.1,0.0,3,0.27,12.5,316,"(-6.3653993, 106.8246962)"
106.8246962,-6.3653993,27.10000038,54.20000076,0.0,70,23.9,0.1,0.0,3,0.27,12.5,316,"(-6.3653993, 106.8246962)"
106.8246962,-6.3653993,27.10000038,54.29999924,0.0,70,23.9,0.1,0.0,3,0.27,12.5,316,"(-6.3653993, 106.8246962)"
106.8246962,-6.3653993,27.10000038,54.29999924,0.0,70,23.9,0.1,0.0,3,0.27,12.5,316,"(-6.3653993, 106.8246962)"
106.8246962,-6.3653993,27.10000038,54.20000076,0.0,70,23.9,0.1,0.0,3,0.27,12.5,316,"(-6.3653993, 106.8246962)"
106.8246962,-6.3653993,27.10000038,54.20000076,0.0,70,23.9,0.1,0.0,3,0.27,12.5,316,"(-6.3653993, 106.8246962)"
106.8246962,-6.3653993,27.10000038,54.20000076,0.0,70,23.9,0.1,0.0,3,0.27,12.5,316,"(-6.3653993, 106.8246962)"
106.8246962,-6.3653993,27.10000038,54.29999924,0.0,75,24.1,0.9,0.0,95,0.22,12.5,319,"(-6.3653993, 106.8246962)"
106.8246962,-6.3653993,27.10000038,54.20000076,0.0,75,24.1,0.9,0.0,95,0.22,12.5,319,"(-6.3653993, 106.8246962)"
106.8246962,-6.3653993,27.10000038,54.20000076,0.0,75,24.1,0.9,0.0,95,0.22,12.5,319,"(-6.3653993, 106.8246962)"
106.8246962,-6.3653993,27.10000038,54.20000076,0.0,75,24.1,0.9,0.0,95,0.22,12.5,319,"(-6.3653993, 106.8246962)"
106.8246962,-6.3653993,27.10000038,54.29999924,0.0,75,24.1,0.9,0.0,95,0.22,12.5,319,"(-6.3653993, 106.8246962)"
106.8246962,-6.3653993,27.10000038,54.20000076,0.0,75,24.1,0.9,0.0,95,0.22,12.5,319,"(-6.3653993, 106.8246962)"
106.8246962,-6.3653993,27.10000038,54.29999924,0.0,75,24.1,0.9,0.0,95,0.22,12.5,319,"(-6.3653993, 106.8246962)"
106.8246962,-6.3653993,27.10000038,54.29999924,0.0,75,24.1,0.9,0.0,95,0.22,12.5,319,"(-6.3653993, 106.8246962)"
106.8246962,-6.3653993,27.10000038,54.20000076,0.0,75,24.1,0.9,0.0,95,0.22,12.5,319,"(-6.3653993, 106.8246962)"
106.8246962,-6.3653993,27.10000038,54.29999924,0.0,75,24.1,0.9,0.0,95,0.22,12.5,319,"(-6.3653993, 106.8246962)"
106.8246962,-6.3653993,27.10000038,54.20000076,0.0,75,24.1,0.9,0.0,95,0.22,12.5,319,"(-6.3653993, 106.8246962)"
106.8246962,-6.3653993,27.10000038,54.20000076,0.0,75,24.1,0.9,0.0,95,0.22,12.5,319,"(-6.3653993, 106.8246962)"
106.8246962,-6.3653993,27.10000038,54.20000076,0.0,75,24.1,0.9,0.0,95,0.22,12.5,319,"(-6.3653993, 106.8246962)"
106.8246962,-6.3653993,27.10000038,54.20000076,0.0,75,24.1,0.9,0.0,95,0.22,12.5,319,"(-6.3653993, 106.8246962)"
106.8246962,-6.3653993,27.10000038,54.20000076,0.0,75,24.1,0.9,0.0,95,0.22,12.5,319,"(-6.3653993, 106.8246962)"
106.8246962,-6.3653993,27.10000038,54.20000076,0.0,75,24.1,0.9,0.0,95,0.22,12.5,319,"(-6.3653993, 106.8246962)"
106.8246962,-6.3653993,27.10000038,54.20000076,0.0,75,24.1,0.9,0.0,95,0.22,12.5,319,"(-6.3653993, 106.8246962)"
106.8246962,-6.3653993,27.10000038,54.20000076,0.0,75,24.1,0.9,0.0,95,0.22,12.5,319,"(-6.3653993, 106.8246962)"
106.8246962,-6.3653993,27.10000038,54.20000076,0.0,75,24.1,0.9,0.0,95,0.22,12.5,319,"(-6.3653993, 106.8246962)"
106.8246962,-6.3653993,27.10000038,54.20000076,0.0,75,24.1,0.9,0.0,95,0.22,12.5,319,"(-6.3653993, 106.8246962)"
106.8246962,-6.3653993,27.10000038,54.20000076,0.0,75,24.1,0.9,0.0,95,0.22,12.5,319,"(-6.3653993, 106.8246962)"
106.8246962,-6.3653993,27.10000038,54.20000076,0.0,75,24.1,0.9,0.0,95,0.22,12.5,319,"(-6.3653993, 106.8246962)"
106.8246962,-6.3653993,27.10000038,54.20000076,0.0,75,24.1,0.9,0.0,95,0.22,12.5,319,"(-6.3653993, 106.8246962)"
106.8246962,-6.3653993,27.10000038,54.20000076,0.0,75,24.1,0.9,0.0,95,0.22,12.5,319,"(-6.3653993, 106.8246962)"
106.8246962,-6.3653993,27.10000038,54.20000076,0.0,75,24.1,0.9,0.0,95,0.22,12.5,319,"(-6.3653993, 106.8246962)"
106.8246962,-6.3653993,27.10000038,54.20000076,0.0,75,24.1,0.9,0.0,95,0.22,12.5,319,"(-6.3653993, 106.8246962)"
106.8246962,-6.3653993,27.10000038,54.20000076,0.0,75,24.1,0.9,0.0,95,0.22,12.5,319,"(-6.3653993, 106.8246962)"
106.8246962,-6.3653993,27.10000038,54.29999924,0.0,75,24.1,0.9,0.0,95,0.22,12.5,319,"(-6.3653993, 106.8246962)"
106.8246962,-6.3653993,27.10000038,54.29999924,0.0,75,24.1,0.9,0.0,95,0.22,12.5,319,"(-6.3653993, 106.8246962)"
106.8314781,-6.3669607,28.29999924,54.20000076,0.0,60,23.0,0.0,0.0,2,0.4,4.7,67,"(-6.3669607, 106.8314781)"
106.8314781,-6.3669607,28.29999924,54.09999847,0.0,60,23.0,0.0,0.0,2,0.4,4.7,67,"(-6.3669607, 106.8314781)"
106.8314781,-6.3669607,28.20000076,54.09999847,0.0,60,23.0,0.0,0.0,2,0.4,4.7,67,"(-6.3669607, 106.8314781)"
106.8314781,-6.3669607,28.20000076,54.09999847,0.0,60,23.0,0.0,0.0,2,0.4,4.7,67,"(-6.3669607, 106.8314781)"
106.8314781,-6.3669607,28.20000076,54.09999847,0.0,60,23.0,0.0,0.0,2,0.4,4.7,67,"(-6.3669607, 106.8314781)"
106.8314781,-6.3669607,28.20000076,54.0,0.0,60,23.0,0.0,0.0,2,0.4,4.7,67,"(-6.3669607, 106.8314781)"
106.8314781,-6.3669607,28.20000076,54.0,0.0,60,23.0,0.0,0.0,2,0.4,4.7,67,"(-6.3669607, 106.8314781)"
106.8314781,-6.3669607,28.10000038,54.0,0.0,60,23.0,0.0,0.0,2,0.4,4.7,67,"(-6.3669607, 106.8314781)"
106.8314781,-6.3669607,28.10000038,54.0,0.0,60,23.0,0.0,0.0,2,0.4,4.7,67,"(-6.3669607, 106.8314781)"
106.8314781,-6.3669607,28.10000038,54.0,0.0,60,23.0,0.0,0.0,2,0.4,4.7,67,"(-6.3669607, 106.8314781)"
106.8314781,-6.3669607,28.10000038,53.90000153,0.0,60,23.0,0.0,0.0,2,0.4,4.7,67,"(-6.3669607, 106.8314781)"
106.8314781,-6.3669607,28.10000038,53.29999924,0.0,60,23.0,0.0,0.0,2,0.4,4.7,67,"(-6.3669607, 106.8314781)"
106.8314781,-6.3669607,28.10000038,53.29999924,0.0,60,23.0,0.0,0.0,2,0.4,4.7,67,"(-6.3669607, 106.8314781)"
106.8314781,-6.3669607,28.10000038,53.29999924,0.0,60,23.0,0.0,0.0,2,0.4,4.7,67,"(-6.3669607, 106.8314781)"
106.8314781,-6.3669607,28.10000038,52.29999924,0.0,60,23.0,0.0,0.0,2,0.4,4.7,67,"(-6.3669607, 106.8314781)"
106.8314781,-6.3669607,28.0,52.29999924,0.0,60,23.0,0.0,0.0,2,0.4,4.7,67,"(-6.3669607, 106.8314781)"
106.8314781,-6.3669607,28.0,52.29999924,0.0,60,23.0,0.0,0.0,2,0.4,4.7,67,"(-6.3669607, 106.8314781)"
106.8314781,-6.3669607,28.0,52.29999924,0.0,60,23.0,0.0,0.0,2,0.4,4.7,67,"(-6.3669607, 106.8314781)"
106.8314781,-6.3669607,28.0,52.20000076,0.0,60,23.0,0.0,0.0,2,0.4,4.7,67,"(-6.3669607, 106.8314781)"
106.8314781,-6.3669607,28.0,52.09999847,0.0,60,23.0,0.0,0.0,2,0.4,4.7,67,"(-6.3669607, 106.8314781)"
106.8314781,-6.3669607,28.0,52.09999847,0.0,60,23.0,0.0,0.0,2,0.4,4.7,67,"(-6.3669607, 106.8314781)"
106.8314781,-6.3669607,27.89999962,52.09999847,0.0,60,23.0,0.0,0.0,2,0.4,4.7,67,"(-6.3669607, 106.8314781)"
106.8314781,-6.3669607,28.0,52.0,0.0,60,23.0,0.0,0.0,2,0.4,4.7,67,"(-6.3669607, 106.8314781)"
106.8314781,-6.3669607,27.89999962,52.0,0.0,60,23.0,0.0,0.0,2,0.4,4.7,67,"(-6.3669607, 106.8314781)"
106.8314781,-6.3669607,28.0,53.29999924,0.0,60,23.0,0.0,0.0,2,0.4,4.7,67,"(-6.3669607, 106.8314781)"
106.8314781,-6.3669607,27.89999962,54.40000153,0.0,60,23.0,0.0,0.0,2,0.4,4.7,67,"(-6.3669607, 106.8314781)"
106.8314781,-6.3669607,27.89999962,53.29999924,0.0,60,23.0,0.0,0.0,2,0.4,4.7,67,"(-6.3669607, 106.8314781)"
106.8314781,-6.3669607,27.89999962,53.0,0.0,60,23.0,0.0,0.0,2,0.4,4.7,67,"(-6.3669607, 106.8314781)"
106.8314781,-6.3669607,27.89999962,53.0,0.0,60,23.0,0.0,0.0,2,0.4,4.7,67,"(-6.3669607, 106.8314781)"
106.8314781,-6.3669607,27.89999962,53.0,0.0,60,23.0,0.0,0.0,2,0.4,4.7,67,"(-6.3669607, 106.8314781)"
106.8314781,-6.3669607,27.89999962,52.90000153,0.0,60,23.0,0.0,0.0,2,0.4,4.7,67,"(-6.3669607, 106.8314781)"
106.8314781,-6.3669607,27.89999962,52.90000153,0.0,60,23.0,0.0,0.0,2,0.4,4.7,67,"(-6.3669607, 106.8314781)"
106.8314781,-6.3669607,27.89999962,52.90000153,0.0,60,23.0,0.0,0.0,2,0.4,4.7,67,"(-6.3669607, 106.8314781)"
106.8314781,-6.3669607,27.89999962,52.90000153,0.0,60,23.0,0.0,0.0,2,0.4,4.7,67,"(-6.3669607, 106.8314781)"
106.8314781,-6.3669607,27.89999962,52.90000153,0.0,60,23.0,0.0,0.0,2,0.4,4.7,67,"(-6.3669607, 106.8314781)"
106.8314781,-6.3669607,27.89999962,52.90000153,0.0,60,23.0,0.0,0.0,2,0.4,4.7,67,"(-6.3669607, 106.8314781)"
106.8314781,-6.3669607,27.89999962,52.90000153,0.0,60,23.0,0.0,0.0,2,0.4,4.7,67,"(-6.3669607, 106.8314781)"
106.8314781,-6.3669607,27.89999962,52.79999924,0.0,60,23.0,0.0,0.0,2,0.4,4.7,67,"(-6.3669607, 106.8314781)"
106.8314781,-6.3669607,27.89999962,52.79999924,0.0,60,23.0,0.0,0.0,2,0.4,4.7,67,"(-6.3669607, 106.8314781)"
106.8314781,-6.3669607,27.89999962,52.79999924,0.0,60,23.0,0.0,0.0,2,0.4,4.7,67,"(-6.3669607, 106.8314781)"
106.8314781,-6.3669607,27.89999962,52.79999924,0.0,60,23.0,0.0,0.0,2,0.4,4.7,67,"(-6.3669607, 106.8314781)"
106.8314781,-6.3669607,27.89999962,52.79999924,0.0,60,23.0,0.0,0.0,2,0.4,4.7,67,"(-6.3669607, 106.8314781)"
106.8314781,-6.3669607,27.89999962,52.79999924,0.0,60,23.0,0.0,0.0,2,0.4,4.7,67,"(-6.3669607, 106.8314781)"
106.8314781,-6.3669607,27.89999962,52.79999924,0.0,60,23.0,0.0,0.0,2,0.4,4.7,67,"(-6.3669607, 106.8314781)"
106.8246415,-6.3653083,25.5,32.79999924,15.4380455,82,24.1,0.1,0.0,3,0.15,10.2,278,"(-6.3653083, 106.8246415)"
106.8246415,-6.3653083,25.60000038,32.40000153,15.42123604,88,23.8,0.0,0.0,3,0.06,6.5,270,"(-6.3653083, 106.8246415)"
106.8246415,-6.3653083,25.60000038,32.40000153,15.42156982,88,23.8,0.0,0.0,3,0.06,6.5,270,"(-6.3653083, 106.8246415)"
106.8246415,-6.3653083,25.5,32.40000153,15.42073059,88,23.8,0.0,0.0,3,0.06,6.5,270,"(-6.3653083, 106.8246415)"
106.8314781,-6.3669607,27.89999962,52.79999924,0.0,60,23.0,0.0,0.0,2,0.4,4.7,67,"(-6.3669607, 106.8314781)"
106.8314781,-6.3669607,27.89999962,52.70000076,0.0,60,23.0,0.0,0.0,2,0.4,4.7,67,"(-6.3669607, 106.8314781)"
106.8314781,-6.3669607,27.89999962,52.70000076,0.0,60,23.0,0.0,0.0,2,0.4,4.7,67,"(-6.3669607, 106.8314781)"
106.8314781,-6.3669607,27.89999962,52.70000076,0.0,60,23.0,0.0,0.0,2,0.4,4.7,67,"(-6.3669607, 106.8314781)"
106.8314781,-6.3669607,27.79999924,52.70000076,0.0,60,23.0,0.0,0.0,2,0.4,4.7,67,"(-6.3669607, 106.8314781)"
106.8314781,-6.3669607,27.89999962,52.70000076,0.0,60,23.0,0.0,0.0,2,0.4,4.7,67,"(-6.3669607, 106.8314781)"
106.8314781,-6.3669607,27.89999962,52.59999847,0.0,60,23.0,0.0,0.0,2,0.4,4.7,67,"(-6.3669607, 106.8314781)"
106.8314781,-6.3669607,27.89999962,52.59999847,0.0,60,23.0,0.0,0.0,2,0.4,4.7,67,"(-6.3669607, 106.8314781)"
106.8314781,-6.3669607,27.79999924,52.59999847,0.0,60,23.0,0.0,0.0,2,0.4,4.7,67,"(-6.3669607, 106.8314781)"
106.8314781,-6.3669607,27.79999924,52.59999847,0.0,60,23.0,0.0,0.0,2,0.4,4.7,67,"(-6.3669607, 106.8314781)"
106.8314781,-6.3669607,27.89999962,52.59999847,0.0,60,23.0,0.0,0.0,2,0.4,4.7,67,"(-6.3669607, 106.8314781)"
106.8314781,-6.3669607,27.89999962,52.59999847,0.0,60,23.0,0.0,0.0,2,0.4,4.7,67,"(-6.3669607, 106.8314781)"
106.8314781,-6.3669607,27.89999962,52.59999847,0.0,60,23.0,0.0,0.0,2,0.4,4.7,67,"(-6.3669607, 106.8314781)"
106.8314781,-6.3669607,27.89999962,52.59999847,0.0,60,23.0,0.0,0.0,2,0.4,4.7,67,"(-6.3669607, 106.8314781)"
106.8314781,-6.3669607,27.89999962,52.59999847,0.0,60,23.0,0.0,0.0,2,0.4,4.7,67,"(-6.3669607, 106.8314781)"
106.8314781,-6.3669607,27.89999962,52.5,0.0,60,23.0,0.0,0.0,2,0.4,4.7,67,"(-6.3669607, 106.8314781)"
106.8314781,-6.3669607,27.79999924,52.5,0.0,60,23.0,0.0,0.0,2,0.4,4.7,67,"(-6.3669607, 106.8314781)"
106.8314781,-6.3669607,27.89999962,52.5,0.0,60,23.0,0.0,0.0,2,0.4,4.7,67,"(-6.3669607, 106.8314781)"
106.8314781,-6.3669607,27.89999962,52.5,0.0,60,23.0,0.0,0.0,2,0.4,4.7,67,"(-6.3669607, 106.8314781)"
106.8314781,-6.3669607,27.89999962,52.40000153,0.0,60,23.0,0.0,0.0,2,0.4,4.7,67,"(-6.3669607, 106.8314781)"
106.8314781,-6.3669607,27.79999924,52.70000076,0.0,60,23.0,0.0,0.0,2,0.4,4.7,67,"(-6.3669607, 106.8314781)"
106.8314781,-6.3669607,27.79999924,52.70000076,0.0,60,23.0,0.0,0.0,2,0.4,4.7,67,"(-6.3669607, 106.8314781)"
106.8314781,-6.3669607,28.70000076,54.20000076,0.0,60,23.0,0.0,0.0,2,0.4,4.7,67,"(-6.3669607, 106.8314781)"
106.8314781,-6.3669607,28.70000076,54.29999924,0.0,60,23.0,0.0,0.0,2,0.4,4.7,67,"(-6.3669607, 106.8314781)"
106.8314781,-6.3669607,28.70000076,54.20000076,0.0,60,23.0,0.0,0.0,2,0.4,4.7,67,"(-6.3669607, 106.8314781)"
106.8289994,-6.3643654,26.0,41.90000153,0.0,77,24.3,0.5,0.0,80,0.16,9.0,323,"(-6.3643654, 106.8289994)"
106.8289994,-6.3643654,25.89999962,41.90000153,0.0,77,24.3,0.5,0.0,80,0.16,9.0,323,"(-6.3643654, 106.8289994)"
106.8289994,-6.3643654,26.0,41.90000153,0.0,77,24.3,0.5,0.0,80,0.16,9.0,323,"(-6.3643654, 106.8289994)"
106.8289994,-6.3643654,26.0,41.79999924,0.0,77,24.3,0.5,0.0,80,0.16,9.0,323,"(-6.3643654, 106.8289994)"
106.8289994,-6.3643654,26.0,41.79999924,0.0,77,24.3,0.5,0.0,80,0.16,9.0,323,"(-6.3643654, 106.8289994)"
106.8289994,-6.3643654,26.0,41.79999924,0.0,77,24.3,0.5,0.0,80,0.16,9.0,323,"(-6.3643654, 106.8289994)"
106.8289994,-6.3643654,26.0,41.79999924,0.0,77,24.3,0.5,0.0,80,0.16,9.0,323,"(-6.3643654, 106.8289994)"
106.8289994,-6.3643654,26.0,41.70000076,0.0,77,24.3,0.5,0.0,80,0.16,9.0,323,"(-6.3643654, 106.8289994)"
106.8289994,-6.3643654,26.0,41.70000076,0.0,77,24.3,0.5,0.0,80,0.16,9.0,323,"(-6.3643654, 106.8289994)"
106.8289994,-6.3643654,26.0,41.79999924,0.0,77,24.3,0.5,0.0,80,0.16,9.0,323,"(-6.3643654, 106.8289994)"
106.8289994,-6.3643654,26.0,41.90000153,0.0,77,24.3,0.5,0.0,80,0.16,9.0,323,"(-6.3643654, 106.8289994)"
106.8289994,-6.3643654,26.0,41.90000153,0.0,77,24.3,0.5,0.0,80,0.16,9.0,323,"(-6.3643654, 106.8289994)"
106.8289994,-6.3643654,26.0,41.90000153,0.0,77,24.3,0.5,0.0,80,0.16,9.0,323,"(-6.3643654, 106.8289994)"
106.8289994,-6.3643654,26.0,41.90000153,0.0,77,24.3,0.5,0.0,80,0.16,9.0,323,"(-6.3643654, 106.8289994)"
106.8289994,-6.3643654,26.0,41.90000153,0.0,77,24.3,0.5,0.0,80,0.16,9.0,323,"(-6.3643654, 106.8289994)"
106.8289994,-6.3643654,26.0,41.90000153,0.0,77,24.3,0.5,0.0,80,0.16,9.0,323,"(-6.3643654, 106.8289994)"
106.8289994,-6.3643654,26.0,41.90000153,0.0,77,24.3,0.5,0.0,80,0.16,9.0,323,"(-6.3643654, 106.8289994)"
106.8289994,-6.3643654,26.0,41.90000153,0.0,77,24.3,0.5,0.0,80,0.16,9.0,323,"(-6.3643654, 106.8289994)"
106.8289994,-6.3643654,26.0,41.90000153,0.0,77,24.3,0.5,0.0,80,0.16,9.0,323,"(-6.3643654, 106.8289994)"
106.8289994,-6.3643654,26.0,41.90000153,0.0,77,24.3,0.5,0.0,80,0.16,9.0,323,"(-6.3643654, 106.8289994)"
106.8289994,-6.3643654,26.0,41.90000153,0.0,77,24.3,0.5,0.0,80,0.16,9.0,323,"(-6.3643654, 106.8289994)"
106.8289994,-6.3643654,26.0,41.90000153,0.0,77,24.3,0.5,0.0,80,0.16,9.0,323,"(-6.3643654, 106.8289994)"
106.8289994,-6.3643654,26.0,41.90000153,0.0,77,24.3,0.5,0.0,80,0.16,9.0,323,"(-6.3643654, 106.8289994)"
106.8289994,-6.3643654,26.0,41.90000153,0.0,77,24.3,0.5,0.0,80,0.16,9.0,323,"(-6.3643654, 106.8289994)"
106.8289994,-6.3643654,26.0,41.90000153,0.0,77,24.3,0.5,0.0,80,0.16,9.0,323,"(-6.3643654, 106.8289994)"
106.8289994,-6.3643654,26.0,41.90000153,0.0,77,24.3,0.5,0.0,80,0.16,9.0,323,"(-6.3643654, 106.8289994)"
106.8289994,-6.3643654,26.0,41.90000153,0.0,77,24.3,0.5,0.0,80,0.16,9.0,323,"(-6.3643654, 106.8289994)"
106.8289994,-6.3643654,26.0,41.90000153,0.0,77,24.3,0.5,0.0,80,0.16,9.0,323,"(-6.3643654, 106.8289994)"
106.8289994,-6.3643654,26.0,41.90000153,0.0,77,24.3,0.5,0.0,80,0.16,9.0,323,"(-6.3643654, 106.8289994)"
106.8289994,-6.3643654,26.0,41.90000153,0.0,77,24.3,0.5,0.0,80,0.16,9.0,323,"(-6.3643654, 106.8289994)"
106.8289994,-6.3643654,26.0,41.90000153,0.0,77,24.3,0.5,0.0,80,0.16,9.0,323,"(-6.3643654, 106.8289994)"
106.8289994,-6.3643654,26.0,41.90000153,0.0,77,24.3,0.5,0.0,80,0.16,9.0,323,"(-6.3643654, 106.8289994)"
106.8289994,-6.3643654,26.0,41.90000153,0.0,77,24.3,0.5,0.0,80,0.16,9.0,323,"(-6.3643654, 106.8289994)"
106.8289994,-6.3643654,26.0,41.90000153,0.0,77,24.3,0.5,0.0,80,0.16,9.0,323,"(-6.3643654, 106.8289994)"
106.8289994,-6.3643654,26.0,41.79999924,0.0,77,24.3,0.5,0.0,80,0.16,9.0,323,"(-6.3643654, 106.8289994)"
106.8289994,-6.3643654,26.0,41.79999924,0.0,77,24.3,0.5,0.0,80,0.16,9.0,323,"(-6.3643654, 106.8289994)"
106.8289994,-6.3643654,26.0,41.90000153,0.0,77,24.3,0.5,0.0,80,0.16,9.0,323,"(-6.3643654, 106.8289994)"
106.8289994,-6.3643654,26.0,41.79999924,0.0,77,24.3,0.5,0.0,80,0.16,9.0,323,"(-6.3643654, 106.8289994)"
106.8289994,-6.3643654,26.0,41.79999924,0.0,77,24.3,0.5,0.0,80,0.16,9.0,323,"(-6.3643654, 106.8289994)"
106.8289994,-6.3643654,26.0,41.90000153,0.0,77,24.3,0.5,0.0,80,0.16,9.0,323,"(-6.3643654, 106.8289994)"
106.8289994,-6.3643654,26.0,41.79999924,0.0,77,24.3,0.5,0.0,80,0.16,9.0,323,"(-6.3643654, 106.8289994)"
106.8289994,-6.3643654,26.0,41.79999924,0.0,77,24.3,0.5,0.0,80,0.16,9.0,323,"(-6.3643654, 106.8289994)"
106.8289994,-6.3643654,26.0,41.79999924,0.0,77,24.3,0.5,0.0,80,0.16,9.0,323,"(-6.3643654, 106.8289994)"
106.8289994,-6.3643654,26.0,41.79999924,0.0,77,24.3,0.5,0.0,80,0.16,9.0,323,"(-6.3643654, 106.8289994)"
106.8289994,-6.3643654,26.0,41.79999924,0.0,77,24.3,0.5,0.0,80,0.16,9.0,323,"(-6.3643654, 106.8289994)"
106.8289994,-6.3643654,26.0,41.79999924,0.0,77,24.3,0.5,0.0,80,0.16,9.0,323,"(-6.3643654, 106.8289994)"
106.8289994,-6.3643654,26.0,41.79999924,0.0,77,24.3,0.5,0.0,80,0.16,9.0,323,"(-6.3643654, 106.8289994)"
106.8289994,-6.3643654,26.0,41.79999924,0.0,77,24.3,0.5,0.0,80,0.16,9.0,323,"(-6.3643654, 106.8289994)"
106.8268372,-6.3705264,25.5,50.79999924,14.64665413,75,23.6,0.0,0.0,3,0.22,12.3,277,"(-6.3705264, 106.8268372)"
106.8268372,-6.3705264,25.5,50.79999924,14.61932945,75,23.6,0.0,0.0,3,0.22,12.3,277,"(-6.3705264, 106.8268372)"
106.8268372,-6.3705264,25.5,50.70000076,14.59173584,75,23.6,0.0,0.0,3,0.22,12.3,277,"(-6.3705264, 106.8268372)"
106.8268372,-6.3705264,25.5,50.70000076,14.56612206,75,23.6,0.0,0.0,3,0.22,12.3,277,"(-6.3705264, 106.8268372)"
106.8268372,-6.3705264,25.5,50.59999847,14.53797722,75,23.6,0.0,0.0,3,0.22,12.3,277,"(-6.3705264, 106.8268372)"
106.8268372,-6.3705264,25.5,50.59999847,14.5031395,75,23.6,0.0,0.0,3,0.22,12.3,277,"(-6.3705264, 106.8268372)"
106.8268372,-6.3705264,25.5,51.09999847,15.1669178,72,23.6,0.0,0.0,3,0.28,13.1,279,"(-6.3705264, 106.8268372)"
106.8268372,-6.3705264,25.5,51.09999847,15.1669178,72,23.6,0.0,0.0,3,0.28,13.1,279,"(-6.3705264, 106.8268372)"
106.8268372,-6.3705264,25.5,51.09999847,15.1669178,72,23.6,0.0,0.0,3,0.28,13.1,279,"(-6.3705264, 106.8268372)"
106.8268372,-6.3705264,25.5,51.09999847,15.1669178,72,23.6,0.0,0.0,3,0.28,13.1,279,"(-6.3705264, 106.8268372)"
106.8268372,-6.3705264,25.5,51.09999847,15.1669178,72,23.6,0.0,0.0,3,0.28,13.1,279,"(-6.3705264, 106.8268372)"
106.8268372,-6.3705264,25.5,51.09999847,15.1669178,72,23.6,0.0,0.0,3,0.28,13.1,279,"(-6.3705264, 106.8268372)"
106.8268372,-6.3705264,25.5,51.09999847,15.1669178,72,23.6,0.0,0.0,3,0.28,13.1,279,"(-6.3705264, 106.8268372)"
106.8268372,-6.3705264,25.5,51.09999847,15.1669178,72,23.6,0.0,0.0,3,0.28,13.1,279,"(-6.3705264, 106.8268372)"
106.8268372,-6.3705264,25.5,51.09999847,15.1669178,72,23.6,0.0,0.0,3,0.28,13.1,279,"(-6.3705264, 106.8268372)"
106.8268372,-6.3705264,25.5,51.09999847,15.15794182,72,23.6,0.0,0.0,3,0.28,13.1,279,"(-6.3705264, 106.8268372)"
106.8268372,-6.3705264,25.5,51.09999847,15.14863205,75,23.6,0.0,0.0,3,0.22,12.3,277,"(-6.3705264, 106.8268372)"
106.8268372,-6.3705264,25.5,51.09999847,15.14204979,75,23.6,0.0,0.0,3,0.22,12.3,277,"(-6.3705264, 106.8268372)"
106.8268372,-6.3705264,25.5,51.09999847,15.13791847,75,23.6,0.0,0.0,3,0.22,12.3,277,"(-6.3705264, 106.8268372)"
106.8268372,-6.3705264,25.5,51.09999847,15.1373539,75,23.6,0.0,0.0,3,0.22,12.3,277,"(-6.3705264, 106.8268372)"
106.8268372,-6.3705264,25.5,51.09999847,15.1322937,75,23.6,0.0,0.0,3,0.22,12.3,277,"(-6.3705264, 106.8268372)"
106.8268372,-6.3705264,25.5,51.09999847,15.12093544,75,23.6,0.0,0.0,3,0.22,12.3,277,"(-6.3705264, 106.8268372)"
106.8268372,-6.3705264,25.5,51.09999847,15.10666275,75,23.6,0.0,0.0,3,0.22,12.3,277,"(-6.3705264, 106.8268372)"
106.8268372,-6.3705264,25.5,51.09999847,15.0911274,75,23.6,0.0,0.0,3,0.22,12.3,277,"(-6.3705264, 106.8268372)"
106.8268372,-6.3705264,25.5,51.09999847,15.07637215,75,23.6,0.0,0.0,3,0.22,12.3,277,"(-6.3705264, 106.8268372)"
106.8268372,-6.3705264,25.5,51.09999847,15.06229401,75,23.6,0.0,0.0,3,0.22,12.3,277,"(-6.3705264, 106.8268372)"
106.8268372,-6.3705264,25.5,51.09999847,15.04782104,75,23.6,0.0,0.0,3,0.22,12.3,277,"(-6.3705264, 106.8268372)"
106.8268372,-6.3705264,25.5,51.09999847,15.0376091,75,23.6,0.0,0.0,3,0.22,12.3,277,"(-6.3705264, 106.8268372)"
106.8268372,-6.3705264,25.5,51.09999847,15.02508163,75,23.6,0.0,0.0,3,0.22,12.3,277,"(-6.3705264, 106.8268372)"
106.8268372,-6.3705264,25.5,51.09999847,15.01100349,75,23.6,0.0,0.0,3,0.22,12.3,277,"(-6.3705264, 106.8268372)"
106.8268372,-6.3705264,25.5,51.09999847,14.9977951,75,23.6,0.0,0.0,3,0.22,12.3,277,"(-6.3705264, 106.8268372)"
106.8268372,-6.3705264,25.5,51.09999847,14.98534966,75,23.6,0.0,0.0,3,0.22,12.3,277,"(-6.3705264, 106.8268372)"
106.8268372,-6.3705264,25.5,51.09999847,14.9722023,75,23.6,0.0,0.0,3,0.22,12.3,277,"(-6.3705264, 106.8268372)"
106.8268372,-6.3705264,25.5,51.09999847,14.96393776,75,23.6,0.0,0.0,3,0.22,12.3,277,"(-6.3705264, 106.8268372)"
106.8268372,-6.3705264,25.5,51.09999847,14.96831894,75,23.6,0.0,0.0,3,0.22,12.3,277,"(-6.3705264, 106.8268372)"
106.8268372,-6.3705264,25.5,51.09999847,14.97032738,75,23.6,0.0,0.0,3,0.22,12.3,277,"(-6.3705264, 106.8268372)"
106.8268372,-6.3705264,25.5,51.09999847,14.95946693,75,23.6,0.0,0.0,3,0.22,12.3,277,"(-6.3705264, 106.8268372)"
106.8268372,-6.3705264,25.5,51.09999847,14.9489193,75,23.6,0.0,0.0,3,0.22,12.3,277,"(-6.3705264, 106.8268372)"
106.8268372,-6.3705264,25.5,51.09999847,14.93636131,75,23.6,0.0,0.0,3,0.22,12.3,277,"(-6.3705264, 106.8268372)"
106.8268372,-6.3705264,25.5,51.0,14.92364693,75,23.6,0.0,0.0,3,0.22,12.3,277,"(-6.3705264, 106.8268372)"
106.8268372,-6.3705264,25.5,51.0,14.91905975,75,23.6,0.0,0.0,3,0.22,12.3,277,"(-6.3705264, 106.8268372)"
106.8268372,-6.3705264,25.5,51.0,14.91093254,75,23.6,0.0,0.0,3,0.22,12.3,277,"(-6.3705264, 106.8268372)"
106.8268372,-6.3705264,25.5,51.0,14.89583015,75,23.6,0.0,0.0,3,0.22,12.3,277,"(-6.3705264, 106.8268372)"
106.8268372,-6.3705264,25.5,51.0,14.87927055,75,23.6,0.0,0.0,3,0.22,12.3,277,"(-6.3705264, 106.8268372)"
106.8268372,-6.3705264,25.5,51.0,14.84407997,75,23.6,0.0,0.0,3,0.22,12.3,277,"(-6.3705264, 106.8268372)"
106.8268372,-6.3705264,25.5,51.0,14.86276054,75,23.6,0.0,0.0,3,0.22,12.3,277,"(-6.3705264, 106.8268372)"
106.8268372,-6.3705264,25.5,51.0,14.82411957,75,23.6,0.0,0.0,3,0.22,12.3,277,"(-6.3705264, 106.8268372)"
106.8268372,-6.3705264,25.5,51.0,14.80483246,75,23.6,0.0,0.0,3,0.22,12.3,277,"(-6.3705264, 106.8268372)"
106.8268372,-6.3705264,25.5,51.0,14.78579903,75,23.6,0.0,0.0,3,0.22,12.3,277,"(-6.3705264, 106.8268372)"
106.8268372,-6.3705264,25.5,51.0,14.76595879,75,23.6,0.0,0.0,3,0.22,12.3,277,"(-6.3705264, 106.8268372)"
106.8268372,-6.3705264,25.5,51.0,14.74581146,75,23.6,0.0,0.0,3,0.22,12.3,277,"(-6.3705264, 106.8268372)"
106.8268372,-6.3705264,25.5,51.0,14.72778702,75,23.6,0.0,0.0,3,0.22,12.3,277,"(-6.3705264, 106.8268372)"
106.8268372,-6.3705264,25.5,50.90000153,14.71390915,75,23.6,0.0,0.0,3,0.22,12.3,277,"(-6.3705264, 106.8268372)"
106.8268372,-6.3705264,25.5,50.90000153,14.69448471,75,23.6,0.0,0.0,3,0.22,12.3,277,"(-6.3705264, 106.8268372)"
106.8268372,-6.3705264,25.5,50.90000153,14.67224503,75,23.6,0.0,0.0,3,0.22,12.3,277,"(-6.3705264, 106.8268372)"
106.8314781,-6.3669607,28.70000076,54.20000076,0.0,60,23.0,0.0,0.0,2,0.4,4.7,67,"(-6.3669607, 106.8314781)"
106.8314781,-6.3669607,28.70000076,54.20000076,0.0,60,23.0,0.0,0.0,2,0.4,4.7,67,"(-6.3669607, 106.8314781)"
106.8314781,-6.3669607,28.60000038,54.20000076,0.0,60,23.0,0.0,0.0,2,0.4,4.7,67,"(-6.3669607, 106.8314781)"
106.8314781,-6.3669607,28.60000038,54.20000076,0.0,60,23.0,0.0,0.0,2,0.4,4.7,67,"(-6.3669607, 106.8314781)"
106.8314781,-6.3669607,28.60000038,54.09999847,0.0,60,23.0,0.0,0.0,2,0.4,4.7,67,"(-6.3669607, 106.8314781)"
106.8314781,-6.3669607,28.60000038,54.29999924,0.0,60,23.0,0.0,0.0,2,0.4,4.7,67,"(-6.3669607, 106.8314781)"
106.8314781,-6.3669607,28.60000038,54.20000076,0.0,60,23.0,0.0,0.0,2,0.4,4.7,67,"(-6.3669607, 106.8314781)"
106.8314781,-6.3669607,28.5,54.20000076,0.0,60,23.0,0.0,0.0,2,0.4,4.7,67,"(-6.3669607, 106.8314781)"
106.8314781,-6.3669607,28.5,54.20000076,0.0,60,23.0,0.0,0.0,2,0.4,4.7,67,"(-6.3669607, 106.8314781)"
106.8314781,-6.3669607,28.5,54.20000076,0.0,60,23.0,0.0,0.0,2,0.4,4.7,67,"(-6.3669607, 106.8314781)"
106.8314781,-6.3669607,28.5,54.20000076,0.0,60,23.0,0.0,0.0,2,0.4,4.7,67,"(-6.3669607, 106.8314781)"
106.8314781,-6.3669607,28.39999962,54.20000076,0.0,60,23.0,0.0,0.0,2,0.4,4.7,67,"(-6.3669607, 106.8314781)"
106.8314781,-6.3669607,28.39999962,54.20000076,0.0,60,23.0,0.0,0.0,2,0.4,4.7,67,"(-6.3669607, 106.8314781)"
106.8314781,-6.3669607,28.39999962,54.20000076,0.0,60,23.0,0.0,0.0,2,0.4,4.7,67,"(-6.3669607, 106.8314781)"
106.8314781,-6.3669607,28.39999962,54.20000076,0.0,60,23.0,0.0,0.0,2,0.4,4.7,67,"(-6.3669607, 106.8314781)"
106.8314781,-6.3669607,28.39999962,54.20000076,0.0,60,23.0,0.0,0.0,2,0.4,4.7,67,"(-6.3669607, 106.8314781)"
106.8314781,-6.3669607,28.39999962,54.20000076,0.0,60,23.0,0.0,0.0,2,0.4,4.7,67,"(-6.3669607, 106.8314781)"
106.8314781,-6.3669607,28.29999924,54.20000076,0.0,60,23.0,0.0,0.0,2,0.4,4.7,67,"(-6.3669607, 106.8314781)"
106.8314781,-6.3669607,28.29999924,54.20000076,0.0,60,23.0,0.0,0.0,2,0.4,4.7,67,"(-6.3669607, 106.8314781)"
106.8314781,-6.3669607,28.29999924,54.20000076,0.0,60,23.0,0.0,0.0,2,0.4,4.7,67,"(-6.3669607, 106.8314781)"
106.8314781,-6.3669607,28.29999924,54.20000076,0.0,60,23.0,0.0,0.0,2,0.4,4.7,67,"(-6.3669607, 106.8314781)"
106.8246415,-6.3653083,25.5,32.40000153,15.4201622,88,23.8,0.0,0.0,3,0.06,6.5,270,"(-6.3653083, 106.8246415)"
106.8246415,-6.3653083,25.5,32.5,15.41986656,88,23.8,0.0,0.0,3,0.06,6.5,270,"(-6.3653083, 106.8246415)"
106.8246415,-6.3653083,25.5,32.5,15.41939163,88,23.8,0.0,0.0,3,0.06,6.5,270,"(-6.3653083, 106.8246415)"
106.8246415,-6.3653083,25.5,32.5,15.41914749,88,23.8,0.0,0.0,3,0.06,6.5,270,"(-6.3653083, 106.8246415)"
106.8246415,-6.3653083,25.5,32.59999847,15.41923714,88,23.8,0.0,0.0,3,0.06,6.5,270,"(-6.3653083, 106.8246415)"
106.8246415,-6.3653083,25.5,32.59999847,15.41893387,88,23.8,0.0,0.0,3,0.06,6.5,270,"(-6.3653083, 106.8246415)"
106.8246415,-6.3653083,25.5,32.59999847,15.41936111,88,23.8,0.0,0.0,3,0.06,6.5,270,"(-6.3653083, 106.8246415)"
106.8246415,-6.3653083,25.5,32.59999847,15.4202652,88,23.8,0.0,0.0,3,0.06,6.5,270,"(-6.3653083, 106.8246415)"
106.8246415,-6.3653083,25.5,32.70000076,15.4205265,88,23.8,0.0,0.0,3,0.06,6.5,270,"(-6.3653083, 106.8246415)"
106.8246415,-6.3653083,25.5,32.70000076,15.42103958,88,23.8,0.0,0.0,3,0.06,6.5,270,"(-6.3653083, 106.8246415)"
106.8246415,-6.3653083,25.5,32.79999924,15.42133331,88,23.8,0.0,0.0,3,0.06,6.5,270,"(-6.3653083, 106.8246415)"
106.8246415,-6.3653083,25.5,32.79999924,15.42194176,88,23.8,0.0,0.0,3,0.06,6.5,270,"(-6.3653083, 106.8246415)"
106.8246415,-6.3653083,25.5,32.79999924,15.42230225,88,23.8,0.0,0.0,3,0.06,6.5,270,"(-6.3653083, 106.8246415)"
106.8246415,-6.3653083,25.5,32.79999924,15.42332268,88,23.8,0.0,0.0,3,0.06,6.5,270,"(-6.3653083, 106.8246415)"
106.8246415,-6.3653083,25.5,32.70000076,15.42392159,88,23.8,0.0,0.0,3,0.06,6.5,270,"(-6.3653083, 106.8246415)"
106.8246415,-6.3653083,25.5,32.70000076,15.42461586,88,23.8,0.0,0.0,3,0.06,6.5,270,"(-6.3653083, 106.8246415)"
106.8246415,-6.3653083,25.5,32.70000076,15.42554092,88,23.8,0.0,0.0,3,0.06,6.5,270,"(-6.3653083, 106.8246415)"
106.8246415,-6.3653083,25.5,32.79999924,15.42553902,88,23.8,0.0,0.0,3,0.06,6.5,270,"(-6.3653083, 106.8246415)"
106.8246415,-6.3653083,25.5,32.79999924,15.42605209,88,23.8,0.0,0.0,3,0.06,6.5,270,"(-6.3653083, 106.8246415)"
106.8246415,-6.3653083,25.5,32.79999924,15.42664528,88,23.8,0.0,0.0,3,0.06,6.5,270,"(-6.3653083, 106.8246415)"
106.8246415,-6.3653083,25.5,32.79999924,15.42709351,82,24.1,0.1,0.0,3,0.15,10.2,278,"(-6.3653083, 106.8246415)"
106.8246415,-6.3653083,25.5,32.79999924,15.42794037,82,24.1,0.1,0.0,3,0.15,10.2,278,"(-6.3653083, 106.8246415)"
106.8246415,-6.3653083,25.5,32.79999924,15.42858124,82,24.1,0.1,0.0,3,0.15,10.2,278,"(-6.3653083, 106.8246415)"
106.8246415,-6.3653083,25.5,32.79999924,15.42933846,82,24.1,0.1,0.0,3,0.15,10.2,278,"(-6.3653083, 106.8246415)"
106.8246415,-6.3653083,25.5,32.79999924,15.42938805,82,24.1,0.1,0.0,3,0.15,10.2,278,"(-6.3653083, 106.8246415)"
106.8246415,-6.3653083,25.5,32.79999924,15.42949295,82,24.1,0.1,0.0,3,0.15,10.2,278,"(-6.3653083, 106.8246415)"
106.8246415,-6.3653083,25.5,32.70000076,15.435009,82,24.1,0.1,0.0,3,0.15,10.2,278,"(-6.3653083, 106.8246415)"
106.8246415,-6.3653083,25.5,32.70000076,15.4344368,82,24.1,0.1,0.0,3,0.15,10.2,278,"(-6.3653083, 106.8246415)"
106.8246415,-6.3653083,25.5,32.79999924,15.43409729,82,24.1,0.1,0.0,3,0.15,10.2,278,"(-6.3653083, 106.8246415)"
106.8246415,-6.3653083,25.5,32.79999924,15.43440437,82,24.1,0.1,0.0,3,0.15,10.2,278,"(-6.3653083, 106.8246415)"
106.8246415,-6.3653083,25.5,32.79999924,15.43459892,82,24.1,0.1,0.0,3,0.15,10.2,278,"(-6.3653083, 106.8246415)"
106.8246415,-6.3653083,25.5,32.79999924,15.43482971,82,24.1,0.1,0.0,3,0.15,10.2,278,"(-6.3653083, 106.8246415)"
106.8246415,-6.3653083,25.5,32.79999924,15.43549347,82,24.1,0.1,0.0,3,0.15,10.2,278,"(-6.3653083, 106.8246415)"
106.8246415,-6.3653083,25.5,32.79999924,15.43624306,82,24.1,0.1,0.0,3,0.15,10.2,278,"(-6.3653083, 106.8246415)"
106.8246415,-6.3653083,25.5,32.79999924,15.43674469,82,24.1,0.1,0.0,3,0.15,10.2,278,"(-6.3653083, 106.8246415)"
106.8246415,-6.3653083,25.5,32.79999924,15.43717194,82,24.1,0.1,0.0,3,0.15,10.2,278,"(-6.3653083, 106.8246415)"
106.8246415,-6.3653083,25.5,32.79999924,15.43745041,82,24.1,0.1,0.0,3,0.15,10.2,278,"(-6.3653083, 106.8246415)"
106.8246415,-6.3653083,25.5,33.0,15.45442009,82,24.1,0.1,0.0,3,0.15,10.2,278,"(-6.3653083, 106.8246415)"
106.8246415,-6.3653083,25.5,33.0,15.45437813,82,24.1,0.1,0.0,3,0.15,10.2,278,"(-6.3653083, 106.8246415)"
106.8246415,-6.3653083,25.5,33.0,15.45433044,82,24.1,0.1,0.0,3,0.15,10.2,278,"(-6.3653083, 106.8246415)"
106.8246415,-6.3653083,25.5,33.0,15.45498848,82,24.1,0.1,0.0,3,0.15,10.2,278,"(-6.3653083, 106.8246415)"
106.8246415,-6.3653083,25.5,33.0,15.45301247,82,24.1,0.1,0.0,3,0.15,10.2,278,"(-6.3653083, 106.8246415)"
106.8246415,-6.3653083,25.5,33.0,15.45279694,82,24.1,0.1,0.0,3,0.15,10.2,278,"(-6.3653083, 106.8246415)"
106.8246415,-6.3653083,25.5,33.09999847,15.45233154,82,24.1,0.1,0.0,3,0.15,10.2,278,"(-6.3653083, 106.8246415)"
106.8246415,-6.3653083,25.5,33.09999847,15.45190811,82,24.1,0.1,0.0,3,0.15,10.2,278,"(-6.3653083, 106.8246415)"
106.8246415,-6.3653083,25.5,33.0,15.45220947,82,24.1,0.1,0.0,3,0.15,10.2,278,"(-6.3653083, 106.8246415)"
106.8246415,-6.3653083,25.5,33.0,15.45199013,82,24.1,0.1,0.0,3,0.15,10.2,278,"(-6.3653083, 106.8246415)"
106.8246415,-6.3653083,25.5,33.0,15.45208931,82,24.1,0.1,0.0,3,0.15,10.2,278,"(-6.3653083, 106.8246415)"
106.8246415,-6.3653083,25.5,33.0,15.45145988,82,24.1,0.1,0.0,3,0.15,10.2,278,"(-6.3653083, 106.8246415)"
106.8246415,-6.3653083,25.5,33.0,15.45039749,82,24.1,0.1,0.0,3,0.15,10.2,278,"(-6.3653083, 106.8246415)"
106.8246415,-6.3653083,25.5,33.0,15.44989586,82,24.1,0.1,0.0,3,0.15,10.2,278,"(-6.3653083, 106.8246415)"
106.8246415,-6.3653083,25.5,33.0,15.44984818,82,24.1,0.1,0.0,3,0.15,10.2,278,"(-6.3653083, 106.8246415)"
106.8246415,-6.3653083,25.5,33.0,15.44861984,82,24.1,0.1,0.0,3,0.15,10.2,278,"(-6.3653083, 106.8246415)"
106.8246415,-6.3653083,25.5,33.0,15.44754791,82,24.1,0.1,0.0,3,0.15,10.2,278,"(-6.3653083, 106.8246415)"
106.8246415,-6.3653083,25.5,33.0,15.44643974,82,24.1,0.1,0.0,3,0.15,10.2,278,"(-6.3653083, 106.8246415)"
106.8246415,-6.3653083,25.5,33.0,15.44529915,82,24.1,0.1,0.0,3,0.15,10.2,278,"(-6.3653083, 106.8246415)"
106.8246415,-6.3653083,25.5,33.0,15.44496727,82,24.1,0.1,0.0,3,0.15,10.2,278,"(-6.3653083, 106.8246415)"
106.8246415,-6.3653083,25.5,33.0,15.44374466,82,24.1,0.1,0.0,3,0.15,10.2,278,"(-6.3653083, 106.8246415)"
106.8246415,-6.3653083,25.5,33.0,15.44233131,82,24.1,0.1,0.0,3,0.15,10.2,278,"(-6.3653083, 106.8246415)"
106.8246415,-6.3653083,25.5,33.0,15.44285393,82,24.1,0.1,0.0,3,0.15,10.2,278,"(-6.3653083, 106.8246415)"
106.8246415,-6.3653083,25.5,33.0,15.44219017,82,24.1,0.1,0.0,3,0.15,10.2,278,"(-6.3653083, 106.8246415)"
106.8246415,-6.3653083,25.5,33.0,15.44169235,82,24.1,0.1,0.0,3,0.15,10.2,278,"(-6.3653083, 106.8246415)"
106.8246415,-6.3653083,25.5,33.0,15.44126892,82,24.1,0.1,0.0,3,0.15,10.2,278,"(-6.3653083, 106.8246415)"
106.8246415,-6.3653083,25.5,32.90000153,15.44085693,82,24.1,0.1,0.0,3,0.15,10.2,278,"(-6.3653083, 106.8246415)"
106.8246415,-6.3653083,25.5,32.79999924,15.44001198,82,24.1,0.1,0.0,3,0.15,10.2,278,"(-6.3653083, 106.8246415)"
106.8246415,-6.3653083,25.5,32.90000153,15.43893623,82,24.1,0.1,0.0,3,0.15,10.2,278,"(-6.3653083, 106.8246415)"
106.8246415,-6.3653083,25.5,32.79999924,15.43886757,82,24.1,0.1,0.0,3,0.15,10.2,278,"(-6.3653083, 106.8246415)"
106.8246415,-6.3653083,25.5,32.79999924,15.43745804,82,24.1,0.1,0.0,3,0.15,10.2,278,"(-6.3653083, 106.8246415)"
106.8311499,-6.3651944,25.60000038,47.09999847,7.950928688,74,24.5,0.0,0.0,3,0.35,12.1,282,"(-6.3651944, 106.8311499)"
106.8311499,-6.3651944,25.60000038,46.90000153,7.930119514,74,24.5,0.0,0.0,3,0.35,12.1,282,"(-6.3651944, 106.8311499)"
106.8311499,-6.3651944,25.60000038,47.29999924,9.685214043,77,24.1,0.3,0.0,80,0.28,12.7,278,"(-6.3651944, 106.8311499)"
106.8311499,-6.3651944,25.60000038,47.29999924,9.371504784,77,24.1,0.3,0.0,80,0.28,12.7,278,"(-6.3651944, 106.8311499)"
106.8311499,-6.3651944,25.60000038,46.79999924,8.932959557,77,24.1,0.3,0.0,80,0.28,12.7,278,"(-6.3651944, 106.8311499)"
106.8311499,-6.3651944,25.60000038,46.79999924,8.760041237,77,24.1,0.3,0.0,80,0.28,12.7,278,"(-6.3651944, 106.8311499)"
106.8311499,-6.3651944,25.60000038,47.29999924,8.773180962,77,24.1,0.3,0.0,80,0.28,12.7,278,"(-6.3651944, 106.8311499)"
106.8311499,-6.3651944,25.60000038,47.29999924,8.763960838,77,24.1,0.3,0.0,80,0.28,12.7,278,"(-6.3651944, 106.8311499)"
106.8311499,-6.3651944,25.60000038,47.40000153,8.754300117,77,24.1,0.3,0.0,80,0.28,12.7,278,"(-6.3651944, 106.8311499)"
106.8311499,-6.3651944,25.60000038,47.40000153,8.744404793,77,24.1,0.3,0.0,80,0.28,12.7,278,"(-6.3651944, 106.8311499)"
106.8311499,-6.3651944,25.60000038,47.29999924,8.734869957,77,24.1,0.3,0.0,80,0.28,12.7,278,"(-6.3651944, 106.8311499)"
106.8311499,-6.3651944,25.60000038,47.29999924,8.725495338,77,24.1,0.3,0.0,80,0.28,12.7,278,"(-6.3651944, 106.8311499)"
106.8311499,-6.3651944,25.60000038,47.29999924,8.715815544,77,24.1,0.3,0.0,80,0.28,12.7,278,"(-6.3651944, 106.8311499)"
106.8311499,-6.3651944,25.60000038,47.29999924,8.705618858,77,24.1,0.3,0.0,80,0.28,12.7,278,"(-6.3651944, 106.8311499)"
106.8311499,-6.3651944,25.60000038,47.29999924,8.695378304,77,24.1,0.3,0.0,80,0.28,12.7,278,"(-6.3651944, 106.8311499)"
106.8311499,-6.3651944,25.60000038,47.29999924,8.685494423,77,24.1,0.3,0.0,80,0.28,12.7,278,"(-6.3651944, 106.8311499)"
106.8311499,-6.3651944,25.60000038,47.29999924,8.675507545,77,24.1,0.3,0.0,80,0.28,12.7,278,"(-6.3651944, 106.8311499)"
106.8311499,-6.3651944,25.60000038,47.29999924,8.665898323,77,24.1,0.3,0.0,80,0.28,12.7,278,"(-6.3651944, 106.8311499)"
106.8311499,-6.3651944,25.60000038,47.29999924,8.65610218,77,24.1,0.3,0.0,80,0.28,12.7,278,"(-6.3651944, 106.8311499)"
106.8311499,-6.3651944,25.60000038,47.29999924,8.646410942,77,24.1,0.3,0.0,80,0.28,12.7,278,"(-6.3651944, 106.8311499)"
106.8311499,-6.3651944,25.60000038,47.29999924,8.636761665,77,24.1,0.3,0.0,80,0.28,12.7,278,"(-6.3651944, 106.8311499)"
106.8311499,-6.3651944,25.60000038,47.29999924,8.626795769,77,24.1,0.3,0.0,80,0.28,12.7,278,"(-6.3651944, 106.8311499)"
106.8311499,-6.3651944,25.60000038,47.29999924,8.617337227,77,24.1,0.3,0.0,80,0.28,12.7,278,"(-6.3651944, 106.8311499)"
106.8311499,-6.3651944,25.60000038,47.29999924,8.608210564,77,24.1,0.3,0.0,80,0.28,12.7,278,"(-6.3651944, 106.8311499)"
106.8311499,-6.3651944,25.60000038,47.29999924,8.598528862,77,24.1,0.3,0.0,80,0.28,12.7,278,"(-6.3651944, 106.8311499)"
106.8311499,-6.3651944,25.60000038,47.29999924,8.589055061,77,24.1,0.3,0.0,80,0.28,12.7,278,"(-6.3651944, 106.8311499)"
106.8311499,-6.3651944,25.60000038,47.29999924,8.580111504,77,24.1,0.3,0.0,80,0.28,12.7,278,"(-6.3651944, 106.8311499)"
106.8311499,-6.3651944,25.60000038,47.29999924,8.570967674,77,24.1,0.3,0.0,80,0.28,12.7,278,"(-6.3651944, 106.8311499)"
106.8311499,-6.3651944,25.60000038,47.29999924,8.56118679,77,24.1,0.3,0.0,80,0.28,12.7,278,"(-6.3651944, 106.8311499)"
106.8311499,-6.3651944,25.60000038,47.29999924,8.55167675,77,24.1,0.3,0.0,80,0.28,12.7,278,"(-6.3651944, 106.8311499)"
106.8311499,-6.3651944,25.60000038,47.29999924,8.542601585,77,24.1,0.3,0.0,80,0.28,12.7,278,"(-6.3651944, 106.8311499)"
106.8311499,-6.3651944,25.60000038,47.29999924,8.532452583,77,24.1,0.3,0.0,80,0.28,12.7,278,"(-6.3651944, 106.8311499)"
106.8311499,-6.3651944,25.60000038,47.29999924,8.522170067,77,24.1,0.3,0.0,80,0.28,12.7,278,"(-6.3651944, 106.8311499)"
106.8311499,-6.3651944,25.60000038,47.29999924,8.512219429,77,24.1,0.3,0.0,80,0.28,12.7,278,"(-6.3651944, 106.8311499)"
106.8311499,-6.3651944,25.60000038,47.29999924,8.502423286,77,24.1,0.3,0.0,80,0.28,12.7,278,"(-6.3651944, 106.8311499)"
106.8311499,-6.3651944,25.60000038,47.29999924,8.493416786,77,24.1,0.3,0.0,80,0.28,12.7,278,"(-6.3651944, 106.8311499)"
106.8311499,-6.3651944,25.60000038,47.29999924,8.483719826,77,24.1,0.3,0.0,80,0.28,12.7,278,"(-6.3651944, 106.8311499)"
106.8311499,-6.3651944,25.60000038,47.29999924,8.473237038,74,24.5,0.0,0.0,3,0.35,12.1,282,"(-6.3651944, 106.8311499)"
106.8311499,-6.3651944,25.60000038,47.29999924,8.46158123,74,24.5,0.0,0.0,3,0.35,12.1,282,"(-6.3651944, 106.8311499)"
106.8311499,-6.3651944,25.60000038,47.29999924,8.449379921,74,24.5,0.0,0.0,3,0.35,12.1,282,"(-6.3651944, 106.8311499)"
106.8311499,-6.3651944,25.60000038,47.29999924,8.437005043,74,24.5,0.0,0.0,3,0.35,12.1,282,"(-6.3651944, 106.8311499)"
106.8311499,-6.3651944,25.60000038,47.29999924,8.424471855,74,24.5,0.0,0.0,3,0.35,12.1,282,"(-6.3651944, 106.8311499)"
106.8311499,-6.3651944,25.60000038,47.29999924,8.411328316,74,24.5,0.0,0.0,3,0.35,12.1,282,"(-6.3651944, 106.8311499)"
106.8311499,-6.3651944,25.60000038,47.29999924,8.398369789,74,24.5,0.0,0.0,3,0.35,12.1,282,"(-6.3651944, 106.8311499)"
106.8311499,-6.3651944,25.60000038,47.29999924,8.384667397,74,24.5,0.0,0.0,3,0.35,12.1,282,"(-6.3651944, 106.8311499)"
106.8311499,-6.3651944,25.60000038,47.29999924,8.370392799,74,24.5,0.0,0.0,3,0.35,12.1,282,"(-6.3651944, 106.8311499)"
106.8311499,-6.3651944,25.60000038,47.29999924,8.355719566,74,24.5,0.0,0.0,3,0.35,12.1,282,"(-6.3651944, 106.8311499)"
106.8311499,-6.3651944,25.60000038,47.29999924,8.340880394,74,24.5,0.0,0.0,3,0.35,12.1,282,"(-6.3651944, 106.8311499)"
106.8311499,-6.3651944,25.60000038,47.29999924,8.325354576,74,24.5,0.0,0.0,3,0.35,12.1,282,"(-6.3651944, 106.8311499)"
106.8311499,-6.3651944,25.60000038,47.29999924,8.308823586,74,24.5,0.0,0.0,3,0.35,12.1,282,"(-6.3651944, 106.8311499)"
106.8311499,-6.3651944,25.60000038,47.29999924,8.291974068,74,24.5,0.0,0.0,3,0.35,12.1,282,"(-6.3651944, 106.8311499)"
106.8311499,-6.3651944,25.60000038,47.29999924,8.272444725,74,24.5,0.0,0.0,3,0.35,12.1,282,"(-6.3651944, 106.8311499)"
106.8311499,-6.3651944,25.60000038,47.29999924,8.25001812,74,24.5,0.0,0.0,3,0.35,12.1,282,"(-6.3651944, 106.8311499)"
106.8311499,-6.3651944,25.60000038,47.29999924,8.224390984,74,24.5,0.0,0.0,3,0.35,12.1,282,"(-6.3651944, 106.8311499)"
106.8311499,-6.3651944,25.60000038,47.29999924,8.193900108,74,24.5,0.0,0.0,3,0.35,12.1,282,"(-6.3651944, 106.8311499)"
106.8311499,-6.3651944,25.60000038,47.29999924,8.151068687,74,24.5,0.0,0.0,3,0.35,12.1,282,"(-6.3651944, 106.8311499)"
106.8311499,-6.3651944,25.60000038,47.29999924,8.053782463,74,24.5,0.0,0.0,3,0.35,12.1,282,"(-6.3651944, 106.8311499)"
106.8311499,-6.3651944,25.60000038,47.09999847,7.99680233,74,24.5,0.0,0.0,3,0.35,12.1,282,"(-6.3651944, 106.8311499)"
106.8311499,-6.3651944,25.60000038,47.20000076,7.972313881,74,24.5,0.0,0.0,3,0.35,12.1,282,"(-6.3651944, 106.8311499)"
106.8311499,-6.3651944,25.60000038,47.20000076,7.963551521,74,24.5,0.0,0.0,3,0.35,12.1,282,"(-6.3651944, 106.8311499)"
106.8311499,-6.3651944,25.60000038,47.20000076,7.956313133,74,24.5,0.0,0.0,3,0.35,12.1,282,"(-6.3651944, 106.8311499)"
106.8311499,-6.3651944,25.60000038,47.09999847,7.94387722,74,24.5,0.0,0.0,3,0.35,12.1,282,"(-6.3651944, 106.8311499)"
106.8311499,-6.3651944,25.60000038,47.40000153,10.7039156,77,24.1,0.3,0.0,80,0.28,12.7,278,"(-6.3651944, 106.8311499)"
106.8311499,-6.3651944,25.60000038,47.29999924,10.48466969,77,24.1,0.3,0.0,80,0.28,12.7,278,"(-6.3651944, 106.8311499)"
106.8311499,-6.3651944,25.60000038,47.29999924,10.24458408,77,24.1,0.3,0.0,80,0.28,12.7,278,"(-6.3651944, 106.8311499)"
106.8311499,-6.3651944,25.60000038,47.29999924,9.979395866,77,24.1,0.3,0.0,80,0.28,12.7,278,"(-6.3651944, 106.8311499)"
106.8289994,-6.3643654,25.89999962,41.90000153,0.0,77,24.3,0.5,0.0,80,0.16,9.0,323,"(-6.3643654, 106.8289994)"
106.8289994,-6.3643654,25.89999962,41.90000153,0.0,77,24.3,0.5,0.0,80,0.16,9.0,323,"(-6.3643654, 106.8289994)"
106.8289994,-6.3643654,25.89999962,41.90000153,0.0,77,24.3,0.5,0.0,80,0.16,9.0,323,"(-6.3643654, 106.8289994)"
106.8289994,-6.3643654,25.89999962,41.90000153,0.0,77,24.3,0.5,0.0,80,0.16,9.0,323,"(-6.3643654, 106.8289994)"
106.8289994,-6.3643654,25.89999962,41.90000153,0.0,77,24.3,0.5,0.0,80,0.16,9.0,323,"(-6.3643654, 106.8289994)"
106.8289994,-6.3643654,25.89999962,41.90000153,0.0,77,24.3,0.5,0.0,80,0.16,9.0,323,"(-6.3643654, 106.8289994)"
106.8289994,-6.3643654,25.89999962,41.90000153,0.0,77,24.3,0.5,0.0,80,0.16,9.0,323,"(-6.3643654, 106.8289994)"
106.8289994,-6.3643654,25.89999962,41.90000153,0.0,77,24.3,0.5,0.0,80,0.16,9.0,323,"(-6.3643654, 106.8289994)"
106.8289994,-6.3643654,25.89999962,41.90000153,0.0,77,24.3,0.5,0.0,80,0.16,9.0,323,"(-6.3643654, 106.8289994)"
106.8289994,-6.3643654,25.89999962,41.90000153,0.0,77,24.3,0.5,0.0,80,0.16,9.0,323,"(-6.3643654, 106.8289994)"
106.8289994,-6.3643654,25.89999962,41.90000153,0.0,77,24.3,0.5,0.0,80,0.16,9.0,323,"(-6.3643654, 106.8289994)"
106.8289994,-6.3643654,26.0,41.79999924,0.0,77,24.3,0.5,0.0,80,0.16,9.0,323,"(-6.3643654, 106.8289994)"
106.8289994,-6.3643654,26.0,41.79999924,0.0,77,24.3,0.5,0.0,80,0.16,9.0,323,"(-6.3643654, 106.8289994)"
106.8289994,-6.3643654,26.0,41.79999924,0.0,77,24.3,0.5,0.0,80,0.16,9.0,323,"(-6.3643654, 106.8289994)"
106.8289994,-6.3643654,26.0,41.79999924,0.0,77,24.3,0.5,0.0,80,0.16,9.0,323,"(-6.3643654, 106.8289994)"
106.8289994,-6.3643654,26.0,41.79999924,0.0,77,24.3,0.5,0.0,80,0.16,9.0,323,"(-6.3643654, 106.8289994)"
106.8289994,-6.3643654,26.0,41.79999924,0.0,77,24.3,0.5,0.0,80,0.16,9.0,323,"(-6.3643654, 106.8289994)"
106.8289994,-6.3643654,26.0,41.79999924,0.0,77,24.3,0.5,0.0,80,0.16,9.0,323,"(-6.3643654, 106.8289994)"
106.8289994,-6.3643654,26.0,41.79999924,0.0,77,24.3,0.5,0.0,80,0.16,9.0,323,"(-6.3643654, 106.8289994)"
106.8289994,-6.3643654,26.0,41.70000076,0.0,77,24.3,0.5,0.0,80,0.16,9.0,323,"(-6.3643654, 106.8289994)"
106.8289994,-6.3643654,26.0,41.70000076,0.0,77,24.3,0.5,0.0,80,0.16,9.0,323,"(-6.3643654, 106.8289994)"
106.8290695,-6.3643444,24.5,49.90000153,14.29672432,77,24.3,0.1,0.0,3,0.24,11.8,282,"(-6.3643444, 106.8290695)"
106.8290695,-6.3643444,24.5,49.90000153,14.27336311,77,24.3,0.1,0.0,3,0.24,11.8,282,"(-6.3643444, 106.8290695)"
106.8290695,-6.3643444,24.5,49.90000153,14.26362419,77,24.3,0.1,0.0,3,0.24,11.8,282,"(-6.3643444, 106.8290695)"
106.8290695,-6.3643444,24.5,49.90000153,14.25336266,77,24.3,0.1,0.0,3,0.24,11.8,282,"(-6.3643444, 106.8290695)"
106.8290695,-6.3643444,24.5,49.90000153,14.24380875,77,24.3,0.1,0.0,3,0.24,11.8,282,"(-6.3643444, 106.8290695)"
106.8290695,-6.3643444,24.5,49.79999924,14.23257446,77,24.3,0.1,0.0,3,0.24,11.8,282,"(-6.3643444, 106.8290695)"
106.8290695,-6.3643444,24.5,49.79999924,14.21934509,77,24.3,0.1,0.0,3,0.24,11.8,282,"(-6.3643444, 106.8290695)"
106.8290695,-6.3643444,24.5,49.79999924,14.20653725,77,24.3,0.1,0.0,3,0.24,11.8,282,"(-6.3643444, 106.8290695)"
106.8290695,-6.3643444,24.5,49.79999924,14.19252014,77,24.3,0.1,0.0,3,0.24,11.8,282,"(-6.3643444, 106.8290695)"
106.8290695,-6.3643444,24.5,49.79999924,14.178339,77,24.3,0.1,0.0,3,0.24,11.8,282,"(-6.3643444, 106.8290695)"
106.8290695,-6.3643444,24.5,49.79999924,14.1638298,77,24.3,0.1,0.0,3,0.24,11.8,282,"(-6.3643444, 106.8290695)"
106.8290695,-6.3643444,24.5,49.79999924,14.14988708,77,24.3,0.1,0.0,3,0.24,11.8,282,"(-6.3643444, 106.8290695)"
106.8290695,-6.3643444,24.5,49.79999924,14.13512993,77,24.3,0.1,0.0,3,0.24,11.8,282,"(-6.3643444, 106.8290695)"
106.8290695,-6.3643444,24.5,49.79999924,14.12017632,77,24.3,0.1,0.0,3,0.24,11.8,282,"(-6.3643444, 106.8290695)"
106.8290695,-6.3643444,24.39999962,49.79999924,14.10720444,77,24.3,0.1,0.0,3,0.24,11.8,282,"(-6.3643444, 106.8290695)"
106.8290695,-6.3643444,24.39999962,49.79999924,14.09310532,77,24.3,0.1,0.0,3,0.24,11.8,282,"(-6.3643444, 106.8290695)"
106.8290695,-6.3643444,24.39999962,49.79999924,14.07865334,77,24.3,0.1,0.0,3,0.24,11.8,282,"(-6.3643444, 106.8290695)"
106.8290695,-6.3643444,24.39999962,49.70000076,14.06413269,77,24.3,0.1,0.0,3,0.24,11.8,282,"(-6.3643444, 106.8290695)"
106.8290695,-6.3643444,24.5,49.90000153,14.77298737,77,24.3,0.1,0.0,3,0.24,11.8,282,"(-6.3643444, 106.8290695)"
106.8290695,-6.3643444,24.5,49.90000153,14.76677895,77,24.3,0.1,0.0,3,0.24,11.8,282,"(-6.3643444, 106.8290695)"
106.8290695,-6.3643444,24.5,49.90000153,14.75835228,77,24.3,0.1,0.0,3,0.24,11.8,282,"(-6.3643444, 106.8290695)"
106.8290695,-6.3643444,24.5,49.90000153,14.75143242,77,24.3,0.1,0.0,3,0.24,11.8,282,"(-6.3643444, 106.8290695)"
106.8290695,-6.3643444,24.5,49.90000153,14.7476635,77,24.3,0.1,0.0,3,0.24,11.8,282,"(-6.3643444, 106.8290695)"
106.8290695,-6.3643444,24.5,49.90000153,14.73972511,77,24.3,0.1,0.0,3,0.24,11.8,282,"(-6.3643444, 106.8290695)"
106.8290695,-6.3643444,24.5,49.90000153,14.73207664,77,24.3,0.1,0.0,3,0.24,11.8,282,"(-6.3643444, 106.8290695)"
106.8290695,-6.3643444,24.5,50.0,14.72332954,77,24.3,0.1,0.0,3,0.24,11.8,282,"(-6.3643444, 106.8290695)"
106.8290695,-6.3643444,24.5,49.90000153,14.7139225,77,24.3,0.1,0.0,3,0.24,11.8,282,"(-6.3643444, 106.8290695)"
106.8290695,-6.3643444,24.5,49.90000153,14.70453453,77,24.3,0.1,0.0,3,0.24,11.8,282,"(-6.3643444, 106.8290695)"
106.8290695,-6.3643444,24.5,49.90000153,14.69615746,77,24.3,0.1,0.0,3,0.24,11.8,282,"(-6.3643444, 106.8290695)"
106.8290695,-6.3643444,24.5,49.90000153,14.68908501,77,24.3,0.1,0.0,3,0.24,11.8,282,"(-6.3643444, 106.8290695)"
106.8290695,-6.3643444,24.5,49.90000153,14.68018532,77,24.3,0.1,0.0,3,0.24,11.8,282,"(-6.3643444, 106.8290695)"
106.8290695,-6.3643444,24.39999962,49.90000153,14.67120361,77,24.3,0.1,0.0,3,0.24,11.8,282,"(-6.3643444, 106.8290695)"
106.8290695,-6.3643444,24.5,49.90000153,14.66424942,77,24.3,0.1,0.0,3,0.24,11.8,282,"(-6.3643444, 106.8290695)"
106.8290695,-6.3643444,24.5,49.90000153,14.65943527,77,24.3,0.1,0.0,3,0.24,11.8,282,"(-6.3643444, 106.8290695)"
106.8290695,-6.3643444,24.5,49.90000153,14.65398598,77,24.3,0.1,0.0,3,0.24,11.8,282,"(-6.3643444, 106.8290695)"
106.8290695,-6.3643444,24.5,49.90000153,14.64730835,77,24.3,0.1,0.0,3,0.24,11.8,282,"(-6.3643444, 106.8290695)"
106.8290695,-6.3643444,24.5,49.90000153,14.63919449,77,24.3,0.1,0.0,3,0.24,11.8,282,"(-6.3643444, 106.8290695)"
106.8290695,-6.3643444,24.5,49.90000153,14.634161,77,24.3,0.1,0.0,3,0.24,11.8,282,"(-6.3643444, 106.8290695)"
106.8290695,-6.3643444,24.5,50.0,14.63089561,77,24.3,0.1,0.0,3,0.24,11.8,282,"(-6.3643444, 106.8290695)"
106.8290695,-6.3643444,24.5,49.90000153,14.6223259,77,24.3,0.1,0.0,3,0.24,11.8,282,"(-6.3643444, 106.8290695)"
106.8290695,-6.3643444,24.5,49.90000153,14.61270523,77,24.3,0.1,0.0,3,0.24,11.8,282,"(-6.3643444, 106.8290695)"
106.8290695,-6.3643444,24.5,49.90000153,14.60352707,77,24.3,0.1,0.0,3,0.24,11.8,282,"(-6.3643444, 106.8290695)"
106.8290695,-6.3643444,24.5,49.90000153,14.59788895,77,24.3,0.1,0.0,3,0.24,11.8,282,"(-6.3643444, 106.8290695)"
106.8290695,-6.3643444,24.5,50.0,14.58734322,77,24.3,0.1,0.0,3,0.24,11.8,282,"(-6.3643444, 106.8290695)"
106.8290695,-6.3643444,24.5,49.90000153,14.57859993,77,24.3,0.1,0.0,3,0.24,11.8,282,"(-6.3643444, 106.8290695)"
106.8290695,-6.3643444,24.5,49.90000153,14.56864929,77,24.3,0.1,0.0,3,0.24,11.8,282,"(-6.3643444, 106.8290695)"
106.8290695,-6.3643444,24.5,49.90000153,14.55917931,77,24.3,0.1,0.0,3,0.24,11.8,282,"(-6.3643444, 106.8290695)"
106.8290695,-6.3643444,24.5,49.90000153,14.55047417,77,24.3,0.1,0.0,3,0.24,11.8,282,"(-6.3643444, 106.8290695)"
106.8290695,-6.3643444,24.5,49.90000153,14.54179955,77,24.3,0.1,0.0,3,0.24,11.8,282,"(-6.3643444, 106.8290695)"
106.8290695,-6.3643444,24.5,49.90000153,14.5333004,77,24.3,0.1,0.0,3,0.24,11.8,282,"(-6.3643444, 106.8290695)"
106.8290695,-6.3643444,24.5,49.90000153,14.52363205,77,24.3,0.1,0.0,3,0.24,11.8,282,"(-6.3643444, 106.8290695)"
106.8290695,-6.3643444,24.5,49.90000153,14.51239967,77,24.3,0.1,0.0,3,0.24,11.8,282,"(-6.3643444, 106.8290695)"
106.8290695,-6.3643444,24.5,49.90000153,14.50154305,77,24.3,0.1,0.0,3,0.24,11.8,282,"(-6.3643444, 106.8290695)"
106.8290695,-6.3643444,24.5,49.90000153,14.4912014,77,24.3,0.1,0.0,3,0.24,11.8,282,"(-6.3643444, 106.8290695)"
106.8290695,-6.3643444,24.5,49.90000153,14.47970581,77,24.3,0.1,0.0,3,0.24,11.8,282,"(-6.3643444, 106.8290695)"
106.8290695,-6.3643444,24.5,49.90000153,14.46972275,77,24.3,0.1,0.0,3,0.24,11.8,282,"(-6.3643444, 106.8290695)"
106.8290695,-6.3643444,24.5,49.90000153,14.46000099,77,24.3,0.1,0.0,3,0.24,11.8,282,"(-6.3643444, 106.8290695)"
106.8290695,-6.3643444,24.5,49.90000153,14.45194626,77,24.3,0.1,0.0,3,0.24,11.8,282,"(-6.3643444, 106.8290695)"
106.8290695,-6.3643444,24.5,49.90000153,14.443964,77,24.3,0.1,0.0,3,0.24,11.8,282,"(-6.3643444, 106.8290695)"
106.8290695,-6.3643444,24.5,49.90000153,14.43382263,77,24.3,0.1,0.0,3,0.24,11.8,282,"(-6.3643444, 106.8290695)"
106.8290695,-6.3643444,24.5,49.90000153,14.42273712,77,24.3,0.1,0.0,3,0.24,11.8,282,"(-6.3643444, 106.8290695)"
106.8290695,-6.3643444,24.5,49.90000153,14.41185379,77,24.3,0.1,0.0,3,0.24,11.8,282,"(-6.3643444, 106.8290695)"
106.8290695,-6.3643444,24.5,49.90000153,14.40125465,77,24.3,0.1,0.0,3,0.24,11.8,282,"(-6.3643444, 106.8290695)"
106.8290695,-6.3643444,24.5,49.90000153,14.38903046,77,24.3,0.1,0.0,3,0.24,11.8,282,"(-6.3643444, 106.8290695)"
106.8290695,-6.3643444,24.5,49.90000153,14.37644768,77,24.3,0.1,0.0,3,0.24,11.8,282,"(-6.3643444, 106.8290695)"
106.8290695,-6.3643444,24.5,49.90000153,14.36420822,77,24.3,0.1,0.0,3,0.24,11.8,282,"(-6.3643444, 106.8290695)"
106.8290695,-6.3643444,24.5,49.90000153,14.3521328,77,24.3,0.1,0.0,3,0.24,11.8,282,"(-6.3643444, 106.8290695)"
106.8290695,-6.3643444,24.5,49.90000153,14.34081078,77,24.3,0.1,0.0,3,0.24,11.8,282,"(-6.3643444, 106.8290695)"
106.8290695,-6.3643444,24.5,49.90000153,14.33043098,77,24.3,0.1,0.0,3,0.24,11.8,282,"(-6.3643444, 106.8290695)"
106.8290695,-6.3643444,24.5,49.90000153,14.31826782,77,24.3,0.1,0.0,3,0.24,11.8,282,"(-6.3643444, 106.8290695)"
106.8290695,-6.3643444,24.5,49.90000153,14.30706787,77,24.3,0.1,0.0,3,0.24,11.8,282,"(-6.3643444, 106.8290695)"
106.8290695,-6.3643444,24.5,49.90000153,14.28488922,77,24.3,0.1,0.0,3,0.24,11.8,282,"(-6.3643444, 106.8290695)"
106.8290695,-6.3643444,24.39999962,49.79999924,14.04985428,77,24.3,0.1,0.0,3,0.24,11.8,282,"(-6.3643444, 106.8290695)"
106.8290695,-6.3643444,24.39999962,49.70000076,14.03667831,77,24.3,0.1,0.0,3,0.24,11.8,282,"(-6.3643444, 106.8290695)"
106.8290695,-6.3643444,24.39999962,49.70000076,14.0229435,77,24.3,0.1,0.0,3,0.24,11.8,282,"(-6.3643444, 106.8290695)"
106.8290695,-6.3643444,24.39999962,49.70000076,14.00908852,77,24.3,0.1,0.0,3,0.24,11.8,282,"(-6.3643444, 106.8290695)"
106.8290695,-6.3643444,24.5,49.70000076,13.99524307,77,24.3,0.1,0.0,3,0.24,11.8,282,"(-6.3643444, 106.8290695)"
106.8290695,-6.3643444,24.39999962,49.70000076,13.98149872,77,24.3,0.1,0.0,3,0.24,11.8,282,"(-6.3643444, 106.8290695)"
106.8290695,-6.3643444,24.39999962,49.70000076,13.96648026,77,24.3,0.1,0.0,3,0.24,11.8,282,"(-6.3643444, 106.8290695)"
106.8290695,-6.3643444,24.39999962,49.59999847,13.95192337,77,24.3,0.1,0.0,3,0.24,11.8,282,"(-6.3643444, 106.8290695)"
106.8290695,-6.3643444,24.5,49.59999847,13.93770599,77,24.3,0.1,0.0,3,0.24,11.8,282,"(-6.3643444, 106.8290695)"
106.8290695,-6.3643444,24.5,49.90000153,14.97267532,77,24.3,0.1,0.0,3,0.24,11.8,282,"(-6.3643444, 106.8290695)"
106.8290695,-6.3643444,24.5,49.90000153,14.9662075,77,24.3,0.1,0.0,3,0.24,11.8,282,"(-6.3643444, 106.8290695)"
106.8290695,-6.3643444,24.5,50.0,14.9597702,77,24.3,0.1,0.0,3,0.24,11.8,282,"(-6.3643444, 106.8290695)"
106.8290695,-6.3643444,24.5,50.0,14.95265007,77,24.3,0.1,0.0,3,0.24,11.8,282,"(-6.3643444, 106.8290695)"
106.8290695,-6.3643444,24.5,49.90000153,14.94674873,77,24.3,0.1,0.0,3,0.24,11.8,282,"(-6.3643444, 106.8290695)"
106.8290695,-6.3643444,24.5,49.90000153,14.94053268,77,24.3,0.1,0.0,3,0.24,11.8,282,"(-6.3643444, 106.8290695)"
106.8290695,-6.3643444,24.5,49.90000153,14.93456268,77,24.3,0.1,0.0,3,0.24,11.8,282,"(-6.3643444, 106.8290695)"
106.8290695,-6.3643444,24.5,49.90000153,14.92619896,77,24.3,0.1,0.0,3,0.24,11.8,282,"(-6.3643444, 106.8290695)"
106.8290695,-6.3643444,24.5,50.0,14.91854286,77,24.3,0.1,0.0,3,0.24,11.8,282,"(-6.3643444, 106.8290695)"
106.8290695,-6.3643444,24.5,49.90000153,14.9098835,77,24.3,0.1,0.0,3,0.24,11.8,282,"(-6.3643444, 106.8290695)"
106.8290695,-6.3643444,24.5,49.90000153,14.90133858,77,24.3,0.1,0.0,3,0.24,11.8,282,"(-6.3643444, 106.8290695)"
106.8290695,-6.3643444,24.5,50.0,14.8929615,77,24.3,0.1,0.0,3,0.24,11.8,282,"(-6.3643444, 106.8290695)"
106.8290695,-6.3643444,24.5,50.0,14.88594437,77,24.3,0.1,0.0,3,0.24,11.8,282,"(-6.3643444, 106.8290695)"
106.8290695,-6.3643444,24.5,49.90000153,14.87885094,77,24.3,0.1,0.0,3,0.24,11.8,282,"(-6.3643444, 106.8290695)"
106.8290695,-6.3643444,24.5,49.90000153,14.87140846,77,24.3,0.1,0.0,3,0.24,11.8,282,"(-6.3643444, 106.8290695)"
106.8290695,-6.3643444,24.5,49.90000153,14.86448097,77,24.3,0.1,0.0,3,0.24,11.8,282,"(-6.3643444, 106.8290695)"
106.8290695,-6.3643444,24.5,49.90000153,14.85729027,77,24.3,0.1,0.0,3,0.24,11.8,282,"(-6.3643444, 106.8290695)"
106.8290695,-6.3643444,24.5,49.90000153,14.85072136,77,24.3,0.1,0.0,3,0.24,11.8,282,"(-6.3643444, 106.8290695)"
106.8290695,-6.3643444,24.5,50.0,14.84261513,77,24.3,0.1,0.0,3,0.24,11.8,282,"(-6.3643444, 106.8290695)"
106.8290695,-6.3643444,24.5,49.90000153,14.83372307,77,24.3,0.1,0.0,3,0.24,11.8,282,"(-6.3643444, 106.8290695)"
106.8290695,-6.3643444,24.5,49.90000153,14.82510376,77,24.3,0.1,0.0,3,0.24,11.8,282,"(-6.3643444, 106.8290695)"
106.8290695,-6.3643444,24.5,49.90000153,14.81814575,77,24.3,0.1,0.0,3,0.24,11.8,282,"(-6.3643444, 106.8290695)"
106.8290695,-6.3643444,24.5,49.90000153,14.81151009,77,24.3,0.1,0.0,3,0.24,11.8,282,"(-6.3643444, 106.8290695)"
106.8290695,-6.3643444,24.5,49.90000153,14.80521011,77,24.3,0.1,0.0,3,0.24,11.8,282,"(-6.3643444, 106.8290695)"
106.8290695,-6.3643444,24.5,49.90000153,14.79686546,77,24.3,0.1,0.0,3,0.24,11.8,282,"(-6.3643444, 106.8290695)"
106.8290695,-6.3643444,24.5,49.90000153,14.78766823,77,24.3,0.1,0.0,3,0.24,11.8,282,"(-6.3643444, 106.8290695)"
106.8290695,-6.3643444,24.5,49.90000153,14.77958107,77,24.3,0.1,0.0,3,0.24,11.8,282,"(-6.3643444, 106.8290695)"
106.8265036,-6.3607737,26.0,32.20000076,13.41723633,73,23.9,0.0,0.0,3,0.27,13.0,276,"(-6.3607737, 106.8265036)"
106.8265036,-6.3607737,26.0,32.29999924,13.43658066,73,23.9,0.0,0.0,3,0.27,13.0,276,"(-6.3607737, 106.8265036)"
106.8265036,-6.3607737,26.0,32.29999924,13.45060921,73,23.9,0.0,0.0,3,0.27,13.0,276,"(-6.3607737, 106.8265036)"
106.8265036,-6.3607737,26.0,32.5,13.46388626,73,23.9,0.0,0.0,3,0.27,13.0,276,"(-6.3607737, 106.8265036)"
106.8265036,-6.3607737,26.0,32.5,13.4766655,73,23.9,0.0,0.0,3,0.27,13.0,276,"(-6.3607737, 106.8265036)"
106.8265036,-6.3607737,26.0,32.5,13.48756981,73,23.9,0.0,0.0,3,0.27,13.0,276,"(-6.3607737, 106.8265036)"
106.8265036,-6.3607737,26.0,32.5,13.50299263,73,23.9,0.0,0.0,3,0.27,13.0,276,"(-6.3607737, 106.8265036)"
106.8265036,-6.3607737,26.0,32.5,13.51636696,73,23.9,0.0,0.0,3,0.27,13.0,276,"(-6.3607737, 106.8265036)"
106.8265036,-6.3607737,26.0,32.5,13.52246666,73,23.9,0.0,0.0,3,0.27,13.0,276,"(-6.3607737, 106.8265036)"
106.8265036,-6.3607737,26.0,32.5,13.52863312,73,23.9,0.0,0.0,3,0.27,13.0,276,"(-6.3607737, 106.8265036)"
106.8265036,-6.3607737,26.0,32.59999847,13.53804779,73,23.9,0.0,0.0,3,0.27,13.0,276,"(-6.3607737, 106.8265036)"
106.8265036,-6.3607737,26.0,32.59999847,13.54676247,73,23.9,0.0,0.0,3,0.27,13.0,276,"(-6.3607737, 106.8265036)"
106.8265036,-6.3607737,26.0,32.59999847,13.55726433,73,23.9,0.0,0.0,3,0.27,13.0,276,"(-6.3607737, 106.8265036)"
106.8265036,-6.3607737,26.0,32.59999847,13.56314087,73,23.9,0.0,0.0,3,0.27,13.0,276,"(-6.3607737, 106.8265036)"
106.8265036,-6.3607737,26.0,32.59999847,13.56216431,73,23.9,0.0,0.0,3,0.27,13.0,276,"(-6.3607737, 106.8265036)"
106.8265036,-6.3607737,26.0,32.59999847,13.56667137,73,23.9,0.0,0.0,3,0.27,13.0,276,"(-6.3607737, 106.8265036)"
106.8265036,-6.3607737,26.0,32.59999847,13.5707016,73,23.9,0.0,0.0,3,0.27,13.0,276,"(-6.3607737, 106.8265036)"
106.8265036,-6.3607737,26.0,32.59999847,13.58013153,73,23.9,0.0,0.0,3,0.27,13.0,276,"(-6.3607737, 106.8265036)"
106.8265036,-6.3607737,26.0,32.59999847,13.59045219,73,23.9,0.0,0.0,3,0.27,13.0,276,"(-6.3607737, 106.8265036)"
106.8265036,-6.3607737,26.0,32.59999847,13.59948158,73,23.9,0.0,0.0,3,0.27,13.0,276,"(-6.3607737, 106.8265036)"
106.8265036,-6.3607737,26.0,32.70000076,13.60286713,73,23.9,0.0,0.0,3,0.27,13.0,276,"(-6.3607737, 106.8265036)"
106.8265036,-6.3607737,26.0,32.70000076,13.60814476,73,23.9,0.0,0.0,3,0.27,13.0,276,"(-6.3607737, 106.8265036)"
106.8265036,-6.3607737,26.0,32.59999847,13.61611748,73,23.9,0.0,0.0,3,0.27,13.0,276,"(-6.3607737, 106.8265036)"
106.8265036,-6.3607737,26.0,32.70000076,13.62482834,73,23.9,0.0,0.0,3,0.27,13.0,276,"(-6.3607737, 106.8265036)"
106.8265036,-6.3607737,26.0,32.59999847,13.63119698,73,23.9,0.0,0.0,3,0.27,13.0,276,"(-6.3607737, 106.8265036)"
106.8265036,-6.3607737,26.0,32.70000076,13.63172913,73,23.9,0.0,0.0,3,0.27,13.0,276,"(-6.3607737, 106.8265036)"
106.8265036,-6.3607737,26.0,32.59999847,13.63326073,73,23.9,0.0,0.0,3,0.27,13.0,276,"(-6.3607737, 106.8265036)"
106.8265036,-6.3607737,26.0,32.59999847,13.64130974,73,23.9,0.0,0.0,3,0.27,13.0,276,"(-6.3607737, 106.8265036)"
106.8265036,-6.3607737,26.0,32.59999847,13.65279388,73,23.9,0.0,0.0,3,0.27,13.0,276,"(-6.3607737, 106.8265036)"
106.8265036,-6.3607737,26.0,32.59999847,13.66555023,73,23.9,0.0,0.0,3,0.27,13.0,276,"(-6.3607737, 106.8265036)"
106.8265036,-6.3607737,26.0,32.70000076,13.67002487,73,23.9,0.0,0.0,3,0.27,13.0,276,"(-6.3607737, 106.8265036)"
106.8265036,-6.3607737,26.0,32.59999847,13.6807518,73,23.9,0.0,0.0,3,0.27,13.0,276,"(-6.3607737, 106.8265036)"
106.8265036,-6.3607737,26.0,32.59999847,13.69133377,73,23.9,0.0,0.0,3,0.27,13.0,276,"(-6.3607737, 106.8265036)"
106.8265036,-6.3607737,26.0,32.59999847,13.69314003,73,23.9,0.0,0.0,3,0.27,13.0,276,"(-6.3607737, 106.8265036)"
106.8265036,-6.3607737,26.0,32.59999847,13.69821739,73,23.9,0.0,0.0,3,0.27,13.0,276,"(-6.3607737, 106.8265036)"
106.8265036,-6.3607737,26.0,32.59999847,13.7089138,73,23.9,0.0,0.0,3,0.27,13.0,276,"(-6.3607737, 106.8265036)"
106.8265036,-6.3607737,26.0,32.59999847,13.72229576,73,23.9,0.0,0.0,3,0.27,13.0,276,"(-6.3607737, 106.8265036)"
106.8265036,-6.3607737,26.0,32.59999847,13.7332077,73,23.9,0.0,0.0,3,0.27,13.0,276,"(-6.3607737, 106.8265036)"
106.8265036,-6.3607737,26.0,32.59999847,13.73770332,73,23.9,0.0,0.0,3,0.27,13.0,276,"(-6.3607737, 106.8265036)"
106.8265036,-6.3607737,26.0,32.59999847,13.74084282,73,23.9,0.0,0.0,3,0.27,13.0,276,"(-6.3607737, 106.8265036)"
106.8265036,-6.3607737,26.0,32.59999847,13.7464695,73,23.9,0.0,0.0,3,0.27,13.0,276,"(-6.3607737, 106.8265036)"
106.8265036,-6.3607737,26.0,32.59999847,13.74863243,73,23.9,0.0,0.0,3,0.27,13.0,276,"(-6.3607737, 106.8265036)"
106.8265036,-6.3607737,26.0,32.59999847,13.75546646,73,23.9,0.0,0.0,3,0.27,13.0,276,"(-6.3607737, 106.8265036)"
106.8265036,-6.3607737,25.89999962,32.59999847,13.76760101,73,23.9,0.0,0.0,3,0.27,13.0,276,"(-6.3607737, 106.8265036)"
106.8265036,-6.3607737,26.0,32.59999847,13.77835464,73,23.9,0.0,0.0,3,0.27,13.0,276,"(-6.3607737, 106.8265036)"
106.8265036,-6.3607737,26.0,32.59999847,13.78587151,73,23.9,0.0,0.0,3,0.27,13.0,276,"(-6.3607737, 106.8265036)"
106.8265036,-6.3607737,26.0,32.70000076,13.80034637,73,23.9,0.0,0.0,3,0.27,13.0,276,"(-6.3607737, 106.8265036)"
106.8265036,-6.3607737,26.0,32.59999847,13.81153488,73,23.9,0.0,0.0,3,0.27,13.0,276,"(-6.3607737, 106.8265036)"
106.8265036,-6.3607737,26.0,32.59999847,13.82231712,73,23.9,0.0,0.0,3,0.27,13.0,276,"(-6.3607737, 106.8265036)"
106.8265036,-6.3607737,25.89999962,32.59999847,13.83050537,73,23.9,0.0,0.0,3,0.27,13.0,276,"(-6.3607737, 106.8265036)"
106.8265036,-6.3607737,25.89999962,32.59999847,13.84290123,73,23.9,0.0,0.0,3,0.27,13.0,276,"(-6.3607737, 106.8265036)"
106.8265036,-6.3607737,25.89999962,32.59999847,13.8479805,73,23.9,0.0,0.0,3,0.27,13.0,276,"(-6.3607737, 106.8265036)"
106.8265036,-6.3607737,25.89999962,32.59999847,13.85584831,73,23.9,0.0,0.0,3,0.27,13.0,276,"(-6.3607737, 106.8265036)"
106.8265036,-6.3607737,25.89999962,32.70000076,13.8676815,73,23.9,0.0,0.0,3,0.27,13.0,276,"(-6.3607737, 106.8265036)"
